sensor_id,vibration,temperature,timestamp
0,0.4217080488125067,23,2024-01-01 00:00:00
1,0.3936168342319184,37,2024-01-01 00:01:00
2,0.4942054991556606,59,2024-01-01 00:02:00
3,0.6274460175330128,27,2024-01-01 00:03:00
4,0.6496423070862517,24,2024-01-01 00:04:00
5,0.7116641744342794,30,2024-01-01 00:05:00
6,0.7462607162859949,21,2024-01-01 00:06:00
7,0.29231726471061126,31,2024-01-01 00:07:00
8,0.8372440245714065,34,2024-01-01 00:08:00
9,0.7804047393944471,23,2024-01-01 00:09:00
10,0.37874423827418535,20,2024-01-01 00:10:00
11,0.5481979140697604,37,2024-01-01 00:11:00
12,0.1594121319506019,48,2024-01-01 00:12:00
13,0.1244113118045781,34,2024-01-01 00:13:00
14,0.8247176199806491,56,2024-01-01 00:14:00
15,0.05088588253225779,27,2024-01-01 00:15:00
16,0.9296285030131611,41,2024-01-01 00:16:00
17,0.8097647258282992,44,2024-01-01 00:17:00
18,0.08606158923974683,21,2024-01-01 00:18:00
19,0.8629628364881192,57,2024-01-01 00:19:00
20,0.46889317079927306,58,2024-01-01 00:20:00
21,0.15147720883948756,51,2024-01-01 00:21:00
22,0.43932135627012037,43,2024-01-01 00:22:00
23,0.9216661111160495,44,2024-01-01 00:23:00
24,0.710064593627799,49,2024-01-01 00:24:00
25,0.1884524466249191,53,2024-01-01 00:25:00
26,0.04337109233234049,27,2024-01-01 00:26:00
27,0.15983602607120562,31,2024-01-01 00:27:00
28,0.8576899328314588,38,2024-01-01 00:28:00
29,0.16360392127428602,25,2024-01-01 00:29:00
30,0.11459964057782424,49,2024-01-01 00:30:00
31,0.23938539666623537,20,2024-01-01 00:31:00
32,0.1237623264525034,28,2024-01-01 00:32:00
33,0.6794066498998594,27,2024-01-01 00:33:00
34,0.886008643108859,24,2024-01-01 00:34:00
35,0.5027789667828515,49,2024-01-01 00:35:00
36,0.5199884224292745,45,2024-01-01 00:36:00
37,0.99091348335706,25,2024-01-01 00:37:00
38,0.42941551412981893,23,2024-01-01 00:38:00
39,0.5946638563352806,32,2024-01-01 00:39:00
40,0.08227902696837597,54,2024-01-01 00:40:00
41,0.7093395686933585,47,2024-01-01 00:41:00
42,0.0762867551875841,54,2024-01-01 00:42:00
43,0.642204140378856,23,2024-01-01 00:43:00
44,0.5269595516185904,31,2024-01-01 00:44:00
45,0.7186344628245819,46,2024-01-01 00:45:00
46,0.5985414311141919,27,2024-01-01 00:46:00
47,0.18917232608254608,44,2024-01-01 00:47:00
48,0.050170114275508104,20,2024-01-01 00:48:00
49,0.42379914982019506,43,2024-01-01 00:49:00
50,0.0049968746002031494,52,2024-01-01 00:50:00
51,0.5167254129278528,35,2024-01-01 00:51:00
52,0.6450204175071446,36,2024-01-01 00:52:00
53,0.6568972302535117,48,2024-01-01 00:53:00
54,0.3605299156160021,57,2024-01-01 00:54:00
55,0.48905954552390785,42,2024-01-01 00:55:00
56,0.5259924820660699,52,2024-01-01 00:56:00
57,0.33444156199923136,38,2024-01-01 00:57:00
58,0.47002293462210465,57,2024-01-01 00:58:00
59,0.8528458761744996,38,2024-01-01 00:59:00
60,0.9871678344292549,34,2024-01-01 01:00:00
61,0.48118033542919425,50,2024-01-01 01:01:00
62,0.6159645169417234,36,2024-01-01 01:02:00
63,0.6343055806852985,31,2024-01-01 01:03:00
64,0.8927823238762425,50,2024-01-01 01:04:00
65,0.8580956474992202,24,2024-01-01 01:05:00
66,0.7291030338380775,38,2024-01-01 01:06:00
67,0.4121366523185611,42,2024-01-01 01:07:00
68,0.19761212710667042,30,2024-01-01 01:08:00
69,0.9662757684407189,41,2024-01-01 01:09:00
70,0.46515482249683615,25,2024-01-01 01:10:00
71,0.026666152229764428,48,2024-01-01 01:11:00
72,0.8713869293141956,24,2024-01-01 01:12:00
73,0.16905667646747424,58,2024-01-01 01:13:00
74,0.7041577354825835,38,2024-01-01 01:14:00
75,0.7812842134348126,29,2024-01-01 01:15:00
76,0.2659545780821718,23,2024-01-01 01:16:00
77,0.2955759137597367,39,2024-01-01 01:17:00
78,0.3677044003558996,35,2024-01-01 01:18:00
79,0.3739993245126376,43,2024-01-01 01:19:00
80,0.02599585227240009,46,2024-01-01 01:20:00
81,0.7881829843621558,54,2024-01-01 01:21:00
82,0.8244768745301724,56,2024-01-01 01:22:00
83,0.11731266826660947,45,2024-01-01 01:23:00
84,0.49608407706705393,30,2024-01-01 01:24:00
85,0.9478899888510385,51,2024-01-01 01:25:00
86,0.3814143719944719,42,2024-01-01 01:26:00
87,0.6665414539339762,29,2024-01-01 01:27:00
88,0.2791214122980521,36,2024-01-01 01:28:00
89,0.21877973706726261,26,2024-01-01 01:29:00
90,0.2329671179956948,24,2024-01-01 01:30:00
91,0.1201836947154129,48,2024-01-01 01:31:00
92,0.6477577502117029,27,2024-01-01 01:32:00
93,0.8964612310715199,30,2024-01-01 01:33:00
94,0.10588656250827466,50,2024-01-01 01:34:00
95,0.5419970135461142,22,2024-01-01 01:35:00
96,0.9795947100333482,35,2024-01-01 01:36:00
97,0.6179384946738226,27,2024-01-01 01:37:00
98,0.49778132414540754,40,2024-01-01 01:38:00
99,0.9223114565495738,41,2024-01-01 01:39:00
100,0.46136114942036355,48,2024-01-01 01:40:00
101,0.9573696957503355,50,2024-01-01 01:41:00
102,0.3109519151146751,39,2024-01-01 01:42:00
103,0.2694238047555405,47,2024-01-01 01:43:00
104,0.4342411242084592,20,2024-01-01 01:44:00
105,0.17307325115123195,20,2024-01-01 01:45:00
106,0.8361131404861106,57,2024-01-01 01:46:00
107,0.7898396909791884,24,2024-01-01 01:47:00
108,0.37830581787348716,22,2024-01-01 01:48:00
109,0.2760330916420295,38,2024-01-01 01:49:00
110,0.0876955730227571,29,2024-01-01 01:50:00
111,0.7998046151492265,40,2024-01-01 01:51:00
112,0.09121044191972383,53,2024-01-01 01:52:00
113,0.680460444304245,44,2024-01-01 01:53:00
114,0.835767262580678,34,2024-01-01 01:54:00
115,0.6749365127922061,24,2024-01-01 01:55:00
116,0.9420470244735424,57,2024-01-01 01:56:00
117,0.868672921532166,26,2024-01-01 01:57:00
118,0.026414826110852108,34,2024-01-01 01:58:00
119,0.7493942620790658,22,2024-01-01 01:59:00
120,0.9468908196293703,36,2024-01-01 02:00:00
121,0.09348635356859902,32,2024-01-01 02:01:00
122,0.11724015805305488,23,2024-01-01 02:02:00
123,0.42289521372413197,50,2024-01-01 02:03:00
124,0.8784408332264935,29,2024-01-01 02:04:00
125,0.21799903631394457,31,2024-01-01 02:05:00
126,0.9464562779367381,27,2024-01-01 02:06:00
127,0.44885094632038947,36,2024-01-01 02:07:00
128,0.32677601343720697,44,2024-01-01 02:08:00
129,0.38720623842433577,34,2024-01-01 02:09:00
130,0.36584250447544553,58,2024-01-01 02:10:00
131,0.6805481720225603,36,2024-01-01 02:11:00
132,0.04291185192951752,26,2024-01-01 02:12:00
133,0.7156997789148408,42,2024-01-01 02:13:00
134,0.8733726711270983,41,2024-01-01 02:14:00
135,0.29795782895074296,40,2024-01-01 02:15:00
136,0.7500191317346712,39,2024-01-01 02:16:00
137,0.507512751309583,58,2024-01-01 02:17:00
138,0.004914694211122672,20,2024-01-01 02:18:00
139,0.5394169208216113,47,2024-01-01 02:19:00
140,0.4761456443866249,27,2024-01-01 02:20:00
141,0.8800313558536564,51,2024-01-01 02:21:00
142,0.06089102539522495,50,2024-01-01 02:22:00
143,0.4219838752620583,21,2024-01-01 02:23:00
144,0.5139801855130917,58,2024-01-01 02:24:00
145,0.010694286540632869,23,2024-01-01 02:25:00
146,0.05025627517038311,32,2024-01-01 02:26:00
147,0.08355237235715163,58,2024-01-01 02:27:00
148,0.6732882300980018,49,2024-01-01 02:28:00
149,0.6110918841604845,24,2024-01-01 02:29:00
150,0.6944158833645195,24,2024-01-01 02:30:00
151,0.6887216712508188,31,2024-01-01 02:31:00
152,0.30521395061514833,23,2024-01-01 02:32:00
153,0.0042982697312218265,26,2024-01-01 02:33:00
154,0.9277812226117288,49,2024-01-01 02:34:00
155,0.8470764852093392,41,2024-01-01 02:35:00
156,0.1384535619612578,43,2024-01-01 02:36:00
157,0.8768506333259825,24,2024-01-01 02:37:00
158,0.11102382137836364,47,2024-01-01 02:38:00
159,0.89751140509493,35,2024-01-01 02:39:00
160,0.44703294555582196,45,2024-01-01 02:40:00
161,0.8139663607228498,41,2024-01-01 02:41:00
162,0.8321907435584023,43,2024-01-01 02:42:00
163,0.11464482907686391,43,2024-01-01 02:43:00
164,0.29145487184165164,51,2024-01-01 02:44:00
165,0.514803262399945,49,2024-01-01 02:45:00
166,0.8599595960317505,27,2024-01-01 02:46:00
167,0.24874813125403117,52,2024-01-01 02:47:00
168,0.7924804304309979,57,2024-01-01 02:48:00
169,0.850343047756886,57,2024-01-01 02:49:00
170,0.7177500177418195,31,2024-01-01 02:50:00
171,0.02679380402292364,33,2024-01-01 02:51:00
172,0.0016412600875619354,41,2024-01-01 02:52:00
173,0.1881675167778225,52,2024-01-01 02:53:00
174,0.6779390044109956,55,2024-01-01 02:54:00
175,0.1889934039353247,58,2024-01-01 02:55:00
176,0.3649832394858853,26,2024-01-01 02:56:00
177,0.07238031490231922,51,2024-01-01 02:57:00
178,0.5147399654160496,42,2024-01-01 02:58:00
179,0.245380009802734,50,2024-01-01 02:59:00
180,0.7795262755863447,36,2024-01-01 03:00:00
181,0.8169745207582287,33,2024-01-01 03:01:00
182,0.6856363132525172,56,2024-01-01 03:02:00
183,0.23632375757852586,44,2024-01-01 03:03:00
184,0.4590802080302938,23,2024-01-01 03:04:00
185,0.46034439729366883,35,2024-01-01 03:05:00
186,0.25995153836040275,44,2024-01-01 03:06:00
187,0.8071703638697458,23,2024-01-01 03:07:00
188,0.9495525371907746,26,2024-01-01 03:08:00
189,0.8757869720170781,52,2024-01-01 03:09:00
190,0.5458908615512575,21,2024-01-01 03:10:00
191,0.6873874154726242,38,2024-01-01 03:11:00
192,0.8594589866619675,57,2024-01-01 03:12:00
193,0.1528371189680624,28,2024-01-01 03:13:00
194,0.5117367430509383,38,2024-01-01 03:14:00
195,0.19811077486702922,54,2024-01-01 03:15:00
196,0.14492632398595928,45,2024-01-01 03:16:00
197,0.009751695692013729,58,2024-01-01 03:17:00
198,0.49481325631204165,46,2024-01-01 03:18:00
199,0.25116347417539076,49,2024-01-01 03:19:00
200,0.8913048481533055,23,2024-01-01 03:20:00
201,0.70243829606661,36,2024-01-01 03:21:00
202,0.17088538948035592,58,2024-01-01 03:22:00
203,0.7125800950572643,29,2024-01-01 03:23:00
204,0.034594426833202796,33,2024-01-01 03:24:00
205,0.8482385173878001,42,2024-01-01 03:25:00
206,0.5628438832121867,51,2024-01-01 03:26:00
207,0.3318177071462647,32,2024-01-01 03:27:00
208,0.7856333324963373,23,2024-01-01 03:28:00
209,0.21860717103538196,28,2024-01-01 03:29:00
210,0.4073931064354882,24,2024-01-01 03:30:00
211,0.46116194377856656,32,2024-01-01 03:31:00
212,0.15435909184258934,43,2024-01-01 03:32:00
213,0.9836504228544942,38,2024-01-01 03:33:00
214,0.4212828373138523,21,2024-01-01 03:34:00
215,0.17091359131192274,39,2024-01-01 03:35:00
216,0.5113599455634088,49,2024-01-01 03:36:00
217,0.5856775433643724,40,2024-01-01 03:37:00
218,0.20444161853617526,36,2024-01-01 03:38:00
219,0.2208309123245722,34,2024-01-01 03:39:00
220,0.5607088780901786,48,2024-01-01 03:40:00
221,0.18092030110868085,49,2024-01-01 03:41:00
222,0.31761128538035477,55,2024-01-01 03:42:00
223,0.45499797557229404,22,2024-01-01 03:43:00
224,0.7269208932664651,28,2024-01-01 03:44:00
225,0.2873950846018506,57,2024-01-01 03:45:00
226,0.9886655799175826,51,2024-01-01 03:46:00
227,0.1484069902703009,36,2024-01-01 03:47:00
228,0.8611353310964239,30,2024-01-01 03:48:00
229,0.4763554207209836,20,2024-01-01 03:49:00
230,0.8712700936596404,34,2024-01-01 03:50:00
231,0.49991060859301584,27,2024-01-01 03:51:00
232,0.3038660026937807,55,2024-01-01 03:52:00
233,0.9427292301124337,42,2024-01-01 03:53:00
234,0.5768608265028391,34,2024-01-01 03:54:00
235,0.8758593915174474,49,2024-01-01 03:55:00
236,0.9014210878815739,34,2024-01-01 03:56:00
237,0.5801546781201488,38,2024-01-01 03:57:00
238,0.2915151076004998,51,2024-01-01 03:58:00
239,0.14425908680254906,29,2024-01-01 03:59:00
240,0.79511927338565,33,2024-01-01 04:00:00
241,0.38083386204029646,42,2024-01-01 04:01:00
242,0.174315810158022,59,2024-01-01 04:02:00
243,0.8447665340289485,59,2024-01-01 04:03:00
244,0.9775140730660459,43,2024-01-01 04:04:00
245,0.5088248455389885,31,2024-01-01 04:05:00
246,0.6933326363414167,21,2024-01-01 04:06:00
247,0.8985547793919547,27,2024-01-01 04:07:00
248,0.7813568792669402,51,2024-01-01 04:08:00
249,0.7484069486495947,46,2024-01-01 04:09:00
250,0.4604959495664783,51,2024-01-01 04:10:00
251,0.30649549637581874,34,2024-01-01 04:11:00
252,0.6017898225452168,23,2024-01-01 04:12:00
253,0.580943786173776,42,2024-01-01 04:13:00
254,0.15564903095728266,57,2024-01-01 04:14:00
255,0.6042938253191354,30,2024-01-01 04:15:00
256,0.004515818030437324,20,2024-01-01 04:16:00
257,0.9099386425241636,36,2024-01-01 04:17:00
258,0.9249143245641122,56,2024-01-01 04:18:00
259,0.47670234325963723,34,2024-01-01 04:19:00
260,0.29997833915697114,59,2024-01-01 04:20:00
261,0.11642277797967293,50,2024-01-01 04:21:00
262,0.41456435027701377,34,2024-01-01 04:22:00
263,0.5039805318521703,41,2024-01-01 04:23:00
264,0.8922846581503023,53,2024-01-01 04:24:00
265,0.00212681664993275,34,2024-01-01 04:25:00
266,0.03577761277806335,31,2024-01-01 04:26:00
267,0.7770281204988425,27,2024-01-01 04:27:00
268,0.07297694897444396,29,2024-01-01 04:28:00
269,0.2067742980878915,37,2024-01-01 04:29:00
270,0.5512261622718382,45,2024-01-01 04:30:00
271,0.28229292039148257,36,2024-01-01 04:31:00
272,0.15384155345271133,59,2024-01-01 04:32:00
273,0.7077857084842021,46,2024-01-01 04:33:00
274,0.2624740620365048,32,2024-01-01 04:34:00
275,0.7718082537097187,26,2024-01-01 04:35:00
276,0.924241803508081,58,2024-01-01 04:36:00
277,0.6006611110264467,22,2024-01-01 04:37:00
278,0.14065878769362483,48,2024-01-01 04:38:00
279,0.9882282213873542,48,2024-01-01 04:39:00
280,0.1537648151928659,52,2024-01-01 04:40:00
281,0.9333495300862051,59,2024-01-01 04:41:00
282,0.09512936208615841,41,2024-01-01 04:42:00
283,0.5707349179505442,54,2024-01-01 04:43:00
284,0.3169827431736838,32,2024-01-01 04:44:00
285,0.8494690401684408,27,2024-01-01 04:45:00
286,0.9108092591505758,59,2024-01-01 04:46:00
287,0.4886552134172798,52,2024-01-01 04:47:00
288,0.6693884037132187,45,2024-01-01 04:48:00
289,0.6235235191241574,44,2024-01-01 04:49:00
290,0.6177624921347256,44,2024-01-01 04:50:00
291,0.39712371969203364,41,2024-01-01 04:51:00
292,0.2506023251056887,53,2024-01-01 04:52:00
293,0.15070566303601984,24,2024-01-01 04:53:00
294,0.2018690330098437,33,2024-01-01 04:54:00
295,0.597741127234175,49,2024-01-01 04:55:00
296,0.28158111305663003,40,2024-01-01 04:56:00
297,0.3818415936808417,23,2024-01-01 04:57:00
298,0.4813656982691563,33,2024-01-01 04:58:00
299,0.6754171652764936,42,2024-01-01 04:59:00
300,0.27080142694786213,21,2024-01-01 05:00:00
301,0.056981120674619024,28,2024-01-01 05:01:00
302,0.7816594789202047,51,2024-01-01 05:02:00
303,0.20011116416750885,45,2024-01-01 05:03:00
304,0.8460482528329397,43,2024-01-01 05:04:00
305,0.07785956926939241,50,2024-01-01 05:05:00
306,0.35672056466074686,51,2024-01-01 05:06:00
307,0.26754886051570503,24,2024-01-01 05:07:00
308,0.9378573622794217,31,2024-01-01 05:08:00
309,0.39710221645429844,59,2024-01-01 05:09:00
310,0.6656987943159874,37,2024-01-01 05:10:00
311,0.15234528368105527,58,2024-01-01 05:11:00
312,0.45493967781108335,41,2024-01-01 05:12:00
313,0.6409720056266281,22,2024-01-01 05:13:00
314,0.7509930033804023,49,2024-01-01 05:14:00
315,0.6203387500802903,51,2024-01-01 05:15:00
316,0.9760373727511388,59,2024-01-01 05:16:00
317,0.4191482317066185,44,2024-01-01 05:17:00
318,0.9289459859387799,58,2024-01-01 05:18:00
319,0.10983629200492528,44,2024-01-01 05:19:00
320,0.9951819010305882,42,2024-01-01 05:20:00
321,0.02758112034900173,32,2024-01-01 05:21:00
322,0.15685441243131726,34,2024-01-01 05:22:00
323,0.39205512884880167,50,2024-01-01 05:23:00
324,0.040961166103580915,52,2024-01-01 05:24:00
325,0.6485070112754737,23,2024-01-01 05:25:00
326,0.0996710614037839,22,2024-01-01 05:26:00
327,0.7295493121029587,42,2024-01-01 05:27:00
328,0.8182845029015887,36,2024-01-01 05:28:00
329,0.1463147089207737,53,2024-01-01 05:29:00
330,0.887223917675151,29,2024-01-01 05:30:00
331,0.0724565976586381,38,2024-01-01 05:31:00
332,0.3645078965980689,41,2024-01-01 05:32:00
333,0.1795197530577214,53,2024-01-01 05:33:00
334,0.28987735028368533,31,2024-01-01 05:34:00
335,0.772554213538309,55,2024-01-01 05:35:00
336,0.35759599771630024,43,2024-01-01 05:36:00
337,0.17874869484346712,41,2024-01-01 05:37:00
338,0.8589092660122819,22,2024-01-01 05:38:00
339,0.6884186336121378,57,2024-01-01 05:39:00
340,0.9505018366755592,22,2024-01-01 05:40:00
341,0.0999221944140386,24,2024-01-01 05:41:00
342,0.9606372071703816,21,2024-01-01 05:42:00
343,0.8399556737797689,22,2024-01-01 05:43:00
344,0.54216320547076,37,2024-01-01 05:44:00
345,0.9554596271212199,34,2024-01-01 05:45:00
346,0.3175964443680741,39,2024-01-01 05:46:00
347,0.4362294892010268,41,2024-01-01 05:47:00
348,0.24398913828022484,43,2024-01-01 05:48:00
349,0.5704643355938056,36,2024-01-01 05:49:00
350,0.4935126028007597,48,2024-01-01 05:50:00
351,0.3886583411730987,55,2024-01-01 05:51:00
352,0.34066594273160444,29,2024-01-01 05:52:00
353,0.6727118451906658,59,2024-01-01 05:53:00
354,0.6189265762043314,57,2024-01-01 05:54:00
355,0.7068595955983211,27,2024-01-01 05:55:00
356,0.006327472319920702,52,2024-01-01 05:56:00
357,0.9172145078060304,53,2024-01-01 05:57:00
358,0.3482765115150578,34,2024-01-01 05:58:00
359,0.8715629743627947,49,2024-01-01 05:59:00
360,0.865172882522251,25,2024-01-01 06:00:00
361,0.04459195203148558,31,2024-01-01 06:01:00
362,0.6312949357616762,25,2024-01-01 06:02:00
363,0.507711306915367,43,2024-01-01 06:03:00
364,0.5248713410421212,30,2024-01-01 06:04:00
365,0.36013764501883105,31,2024-01-01 06:05:00
366,0.8020573795536313,53,2024-01-01 06:06:00
367,0.12470339109778605,20,2024-01-01 06:07:00
368,0.8513184826667537,30,2024-01-01 06:08:00
369,0.1955285109653101,40,2024-01-01 06:09:00
370,0.06907527073030406,49,2024-01-01 06:10:00
371,0.6357871295529917,43,2024-01-01 06:11:00
372,0.6346348885854738,46,2024-01-01 06:12:00
373,0.7056818548756678,26,2024-01-01 06:13:00
374,0.12461519507207719,34,2024-01-01 06:14:00
375,0.3859825109479663,35,2024-01-01 06:15:00
376,0.10267042023566797,28,2024-01-01 06:16:00
377,0.8475285499958383,41,2024-01-01 06:17:00
378,0.977733501185396,29,2024-01-01 06:18:00
379,0.3735202148816714,28,2024-01-01 06:19:00
380,0.20422394465452498,48,2024-01-01 06:20:00
381,0.8409040676456415,39,2024-01-01 06:21:00
382,0.34389622942945,56,2024-01-01 06:22:00
383,0.27308428692333087,27,2024-01-01 06:23:00
384,0.7965305742051271,37,2024-01-01 06:24:00
385,0.597770672065559,25,2024-01-01 06:25:00
386,0.8391616710701675,47,2024-01-01 06:26:00
387,0.5381863215461123,31,2024-01-01 06:27:00
388,0.3969094626127887,34,2024-01-01 06:28:00
389,0.8167076879854499,55,2024-01-01 06:29:00
390,0.1816360819200178,58,2024-01-01 06:30:00
391,0.22223270959597885,38,2024-01-01 06:31:00
392,0.8668932364323297,36,2024-01-01 06:32:00
393,0.6748099415119138,22,2024-01-01 06:33:00
394,0.3593131797660951,41,2024-01-01 06:34:00
395,0.32335419131832766,21,2024-01-01 06:35:00
396,0.2771780736837548,49,2024-01-01 06:36:00
397,0.4274374699637884,27,2024-01-01 06:37:00
398,0.4599668257341454,32,2024-01-01 06:38:00
399,0.3384237782532966,28,2024-01-01 06:39:00
400,0.932333507387929,54,2024-01-01 06:40:00
401,0.9971084030674159,37,2024-01-01 06:41:00
402,0.9308225559046898,49,2024-01-01 06:42:00
403,0.18631853488351124,43,2024-01-01 06:43:00
404,0.9762684550714975,29,2024-01-01 06:44:00
405,0.5018493721714028,59,2024-01-01 06:45:00
406,0.27074385327277983,32,2024-01-01 06:46:00
407,0.68235388060827,49,2024-01-01 06:47:00
408,0.7463796313124005,47,2024-01-01 06:48:00
409,0.558689028064181,57,2024-01-01 06:49:00
410,0.1387460814441499,26,2024-01-01 06:50:00
411,0.28531792074682805,51,2024-01-01 06:51:00
412,0.6215726175115075,29,2024-01-01 06:52:00
413,0.22498624178118565,33,2024-01-01 06:53:00
414,0.34767436486503966,45,2024-01-01 06:54:00
415,0.8117400108370698,40,2024-01-01 06:55:00
416,0.7492723969390778,58,2024-01-01 06:56:00
417,0.34880406654601737,48,2024-01-01 06:57:00
418,0.900320590072689,33,2024-01-01 06:58:00
419,0.705285720552143,30,2024-01-01 06:59:00
420,0.5575797860421376,49,2024-01-01 07:00:00
421,0.6701015803481346,24,2024-01-01 07:01:00
422,0.8713223530201261,21,2024-01-01 07:02:00
423,0.6282598197027669,33,2024-01-01 07:03:00
424,0.9179996997814412,32,2024-01-01 07:04:00
425,0.41563658399620984,52,2024-01-01 07:05:00
426,0.2778035144654071,20,2024-01-01 07:06:00
427,0.009302938863377852,41,2024-01-01 07:07:00
428,0.1161067256339442,32,2024-01-01 07:08:00
429,0.836371090491632,54,2024-01-01 07:09:00
430,0.8481237092722308,50,2024-01-01 07:10:00
431,0.9568279160363015,38,2024-01-01 07:11:00
432,0.6827394821899305,47,2024-01-01 07:12:00
433,0.8707187078094365,34,2024-01-01 07:13:00
434,0.1156162478089986,51,2024-01-01 07:14:00
435,0.333247749796737,23,2024-01-01 07:15:00
436,0.4274099775388597,45,2024-01-01 07:16:00
437,0.13032697542149263,50,2024-01-01 07:17:00
438,0.9099042011193708,45,2024-01-01 07:18:00
439,0.6054977519946356,55,2024-01-01 07:19:00
440,0.16636169959875868,39,2024-01-01 07:20:00
441,0.25867243917852045,55,2024-01-01 07:21:00
442,0.31485884189658,21,2024-01-01 07:22:00
443,0.5519736827554129,34,2024-01-01 07:23:00
444,0.48938773923355827,43,2024-01-01 07:24:00
445,0.18794625577276858,59,2024-01-01 07:25:00
446,0.7973663640320622,23,2024-01-01 07:26:00
447,0.4387071461612556,59,2024-01-01 07:27:00
448,0.79980940452171,45,2024-01-01 07:28:00
449,0.11325882858563052,22,2024-01-01 07:29:00
450,0.20048222130570426,57,2024-01-01 07:30:00
451,0.015028434010315173,33,2024-01-01 07:31:00
452,0.10006669461723272,39,2024-01-01 07:32:00
453,0.10586761453718918,35,2024-01-01 07:33:00
454,0.4577770537048871,21,2024-01-01 07:34:00
455,0.5779474677949045,23,2024-01-01 07:35:00
456,0.08241876104500723,37,2024-01-01 07:36:00
457,0.7634427122625775,40,2024-01-01 07:37:00
458,0.4688392061381832,27,2024-01-01 07:38:00
459,0.705993603809157,47,2024-01-01 07:39:00
460,0.9919858925658549,35,2024-01-01 07:40:00
461,0.05020872561055667,32,2024-01-01 07:41:00
462,0.9959690948353177,43,2024-01-01 07:42:00
463,0.5489764112797894,42,2024-01-01 07:43:00
464,0.2709318977863483,27,2024-01-01 07:44:00
465,0.99472232741488,47,2024-01-01 07:45:00
466,0.8635632934609189,22,2024-01-01 07:46:00
467,0.22287818310060503,55,2024-01-01 07:47:00
468,0.22646329342554938,33,2024-01-01 07:48:00
469,0.7570906722262238,49,2024-01-01 07:49:00
470,0.5092928266458969,25,2024-01-01 07:50:00
471,0.09863028130395946,21,2024-01-01 07:51:00
472,0.32761484027805643,24,2024-01-01 07:52:00
473,0.7789241126746165,48,2024-01-01 07:53:00
474,0.5494683493268662,39,2024-01-01 07:54:00
475,0.5933581361493375,54,2024-01-01 07:55:00
476,0.892040703454749,36,2024-01-01 07:56:00
477,0.5229795246103804,31,2024-01-01 07:57:00
478,0.6868656576748577,57,2024-01-01 07:58:00
479,0.9496895249151565,44,2024-01-01 07:59:00
480,0.7950167519757755,22,2024-01-01 08:00:00
481,0.2334578369417163,54,2024-01-01 08:01:00
482,0.3604743248924731,25,2024-01-01 08:02:00
483,0.025201974628853985,25,2024-01-01 08:03:00
484,0.1616467242196522,57,2024-01-01 08:04:00
485,0.16128848732274936,51,2024-01-01 08:05:00
486,0.6785112305650566,52,2024-01-01 08:06:00
487,0.7336625316697073,33,2024-01-01 08:07:00
488,0.02629004440843663,39,2024-01-01 08:08:00
489,0.028585549774558627,30,2024-01-01 08:09:00
490,0.5538531896576199,54,2024-01-01 08:10:00
491,0.9643736073803354,56,2024-01-01 08:11:00
492,0.655811607862384,50,2024-01-01 08:12:00
493,0.4503040413750049,30,2024-01-01 08:13:00
494,0.21192577402574397,50,2024-01-01 08:14:00
495,0.3935530119533104,46,2024-01-01 08:15:00
496,0.00968840425918116,24,2024-01-01 08:16:00
497,0.8534694998337313,40,2024-01-01 08:17:00
498,0.186302123800697,48,2024-01-01 08:18:00
499,0.35560690152746355,20,2024-01-01 08:19:00
500,0.8248222977900044,50,2024-01-01 08:20:00
501,0.9223232523336324,56,2024-01-01 08:21:00
502,0.5454042387923057,56,2024-01-01 08:22:00
503,0.5365141570399167,22,2024-01-01 08:23:00
504,0.7781814908106601,48,2024-01-01 08:24:00
505,0.18695206731971248,22,2024-01-01 08:25:00
506,0.03451764533957247,21,2024-01-01 08:26:00
507,0.10523149393186704,30,2024-01-01 08:27:00
508,0.6675964640678721,39,2024-01-01 08:28:00
509,0.17616305924336484,58,2024-01-01 08:29:00
510,0.6028392867926622,23,2024-01-01 08:30:00
511,0.13871394605222154,40,2024-01-01 08:31:00
512,0.8773821484442278,40,2024-01-01 08:32:00
513,0.9487742330542738,32,2024-01-01 08:33:00
514,0.14684929862394236,43,2024-01-01 08:34:00
515,0.04677753378679861,47,2024-01-01 08:35:00
516,0.4710205749462786,35,2024-01-01 08:36:00
517,0.48110971658305357,36,2024-01-01 08:37:00
518,0.12802347207240972,29,2024-01-01 08:38:00
519,0.9235831260401735,36,2024-01-01 08:39:00
520,0.7436745416267971,40,2024-01-01 08:40:00
521,0.664390850669538,21,2024-01-01 08:41:00
522,0.9930438491790469,46,2024-01-01 08:42:00
523,0.6307219634796642,24,2024-01-01 08:43:00
524,0.6566797456846859,29,2024-01-01 08:44:00
525,0.5662814784249601,24,2024-01-01 08:45:00
526,0.29065328258695744,58,2024-01-01 08:46:00
527,0.6018057318073081,34,2024-01-01 08:47:00
528,0.3192291426227105,34,2024-01-01 08:48:00
529,0.21460346783643391,49,2024-01-01 08:49:00
530,0.1030293746144395,28,2024-01-01 08:50:00
531,0.8808507292060291,38,2024-01-01 08:51:00
532,0.06163832201270336,44,2024-01-01 08:52:00
533,0.19307342151822648,34,2024-01-01 08:53:00
534,0.6345951965345636,26,2024-01-01 08:54:00
535,0.21854274066850687,29,2024-01-01 08:55:00
536,0.6484355715127443,39,2024-01-01 08:56:00
537,0.020093677372688412,46,2024-01-01 08:57:00
538,0.6735162490682269,48,2024-01-01 08:58:00
539,0.8010959786684667,55,2024-01-01 08:59:00
540,0.37813424323280465,58,2024-01-01 09:00:00
541,0.9241234672677455,35,2024-01-01 09:01:00
542,0.877211054664466,50,2024-01-01 09:02:00
543,0.6593924386343908,29,2024-01-01 09:03:00
544,0.4080278756107987,51,2024-01-01 09:04:00
545,0.4440220618230757,24,2024-01-01 09:05:00
546,0.96822951027465,56,2024-01-01 09:06:00
547,0.5717097058406546,46,2024-01-01 09:07:00
548,0.39073476917887495,47,2024-01-01 09:08:00
549,0.0850601561906752,42,2024-01-01 09:09:00
550,0.31659027410544993,34,2024-01-01 09:10:00
551,0.6728325338786706,57,2024-01-01 09:11:00
552,0.10774185971394479,32,2024-01-01 09:12:00
553,0.813934350330712,33,2024-01-01 09:13:00
554,0.07649921519098934,30,2024-01-01 09:14:00
555,0.6738646424950461,50,2024-01-01 09:15:00
556,0.21762410827298428,20,2024-01-01 09:16:00
557,0.4254984636903584,41,2024-01-01 09:17:00
558,0.11633833676717442,42,2024-01-01 09:18:00
559,0.9948524852124787,22,2024-01-01 09:19:00
560,0.6027292402957073,21,2024-01-01 09:20:00
561,0.014986666384937286,36,2024-01-01 09:21:00
562,0.6393388296549682,31,2024-01-01 09:22:00
563,0.7427266463467079,43,2024-01-01 09:23:00
564,0.22091756741387347,49,2024-01-01 09:24:00
565,0.1279232666105835,58,2024-01-01 09:25:00
566,0.45419573264765345,58,2024-01-01 09:26:00
567,0.10040236094820965,49,2024-01-01 09:27:00
568,0.17892440173352508,21,2024-01-01 09:28:00
569,0.9607968088139316,41,2024-01-01 09:29:00
570,0.4370737661846099,29,2024-01-01 09:30:00
571,0.5602971102175287,48,2024-01-01 09:31:00
572,0.8915098465942439,30,2024-01-01 09:32:00
573,0.4342504922761914,57,2024-01-01 09:33:00
574,0.4094656414949015,57,2024-01-01 09:34:00
575,0.7545979587139406,56,2024-01-01 09:35:00
576,0.8866229771548494,58,2024-01-01 09:36:00
577,0.17008777091851435,36,2024-01-01 09:37:00
578,0.02039035626741237,53,2024-01-01 09:38:00
579,0.8727337288456539,56,2024-01-01 09:39:00
580,0.528255157352283,28,2024-01-01 09:40:00
581,0.5433903757332531,30,2024-01-01 09:41:00
582,0.5788991975912211,55,2024-01-01 09:42:00
583,0.8617544439783322,47,2024-01-01 09:43:00
584,0.5425786136703948,56,2024-01-01 09:44:00
585,0.8922705440503843,46,2024-01-01 09:45:00
586,0.05461350432120493,29,2024-01-01 09:46:00
587,0.36154430839482665,52,2024-01-01 09:47:00
588,0.2727441634399923,20,2024-01-01 09:48:00
589,0.8565417118934069,49,2024-01-01 09:49:00
590,0.5522699167334161,35,2024-01-01 09:50:00
591,0.009028883053677328,35,2024-01-01 09:51:00
592,0.4537180166893803,26,2024-01-01 09:52:00
593,0.9224729944329907,20,2024-01-01 09:53:00
594,0.6626396290735138,21,2024-01-01 09:54:00
595,0.9118751727511907,55,2024-01-01 09:55:00
596,0.6565693590619437,35,2024-01-01 09:56:00
597,0.9129381887799256,39,2024-01-01 09:57:00
598,0.36418039358158716,47,2024-01-01 09:58:00
599,0.35001379440656755,25,2024-01-01 09:59:00
600,0.06776346891327767,38,2024-01-01 10:00:00
601,0.731916473133617,26,2024-01-01 10:01:00
602,0.8199920726002817,56,2024-01-01 10:02:00
603,0.4126937993383669,31,2024-01-01 10:03:00
604,0.45038351754151884,42,2024-01-01 10:04:00
605,0.522201824130037,48,2024-01-01 10:05:00
606,0.6597688066505025,25,2024-01-01 10:06:00
607,0.29949969403723,30,2024-01-01 10:07:00
608,0.5729966814966646,29,2024-01-01 10:08:00
609,0.5197375920458124,27,2024-01-01 10:09:00
610,0.21584737889895433,38,2024-01-01 10:10:00
611,0.7634561882905774,54,2024-01-01 10:11:00
612,0.9269911633193427,32,2024-01-01 10:12:00
613,0.20247498215025783,24,2024-01-01 10:13:00
614,0.4309153299166909,28,2024-01-01 10:14:00
615,0.8976550930433572,25,2024-01-01 10:15:00
616,0.4808062376183304,39,2024-01-01 10:16:00
617,0.4232197339478496,48,2024-01-01 10:17:00
618,0.8363310925846259,21,2024-01-01 10:18:00
619,0.7504623880643148,50,2024-01-01 10:19:00
620,0.3591677255353306,24,2024-01-01 10:20:00
621,0.7189835455914417,46,2024-01-01 10:21:00
622,0.9726141397653605,21,2024-01-01 10:22:00
623,0.7554940816927246,31,2024-01-01 10:23:00
624,0.939536552323892,54,2024-01-01 10:24:00
625,0.36583624126105996,25,2024-01-01 10:25:00
626,0.0013380444318563667,27,2024-01-01 10:26:00
627,0.9507728104130578,29,2024-01-01 10:27:00
628,0.23468684282088925,43,2024-01-01 10:28:00
629,0.6116834882965894,37,2024-01-01 10:29:00
630,0.7173764295866035,47,2024-01-01 10:30:00
631,0.30343554502086123,47,2024-01-01 10:31:00
632,0.7832651409464386,32,2024-01-01 10:32:00
633,0.23098717743045516,29,2024-01-01 10:33:00
634,0.19082521144108522,36,2024-01-01 10:34:00
635,0.68075537440611,23,2024-01-01 10:35:00
636,0.8691664893334679,58,2024-01-01 10:36:00
637,0.07676987204875885,28,2024-01-01 10:37:00
638,0.3910055980028069,54,2024-01-01 10:38:00
639,0.42108693310391254,55,2024-01-01 10:39:00
640,0.912444239395136,51,2024-01-01 10:40:00
641,0.2403753873082719,38,2024-01-01 10:41:00
642,0.41309161790067106,30,2024-01-01 10:42:00
643,0.47761058892908914,33,2024-01-01 10:43:00
644,0.7854738960063415,33,2024-01-01 10:44:00
645,0.2269289473638353,43,2024-01-01 10:45:00
646,0.16164750814357076,33,2024-01-01 10:46:00
647,0.5667977082227963,59,2024-01-01 10:47:00
648,0.5797893920274951,50,2024-01-01 10:48:00
649,0.8018568538378047,43,2024-01-01 10:49:00
650,0.6718540312916942,34,2024-01-01 10:50:00
651,0.2653811389698739,58,2024-01-01 10:51:00
652,0.1776202578689866,23,2024-01-01 10:52:00
653,0.3003338760407399,58,2024-01-01 10:53:00
654,0.26056523347620364,20,2024-01-01 10:54:00
655,0.30163628974149315,52,2024-01-01 10:55:00
656,0.10203898080261953,51,2024-01-01 10:56:00
657,0.4501154078972447,23,2024-01-01 10:57:00
658,0.41317819053760363,48,2024-01-01 10:58:00
659,0.7026236690669138,51,2024-01-01 10:59:00
660,0.44838292492364695,56,2024-01-01 11:00:00
661,0.13463378024906714,42,2024-01-01 11:01:00
662,0.6557650637297536,42,2024-01-01 11:02:00
663,0.5857025861924244,53,2024-01-01 11:03:00
664,0.4784211199420849,20,2024-01-01 11:04:00
665,0.041259184577562835,51,2024-01-01 11:05:00
666,0.1994096328155348,38,2024-01-01 11:06:00
667,0.37756436119996106,21,2024-01-01 11:07:00
668,0.20373225836528475,34,2024-01-01 11:08:00
669,0.2636312073893492,59,2024-01-01 11:09:00
670,0.5640147825677639,58,2024-01-01 11:10:00
671,0.923828309969711,56,2024-01-01 11:11:00
672,0.46095237550132084,47,2024-01-01 11:12:00
673,0.13375867256892005,25,2024-01-01 11:13:00
674,0.20922493792621322,46,2024-01-01 11:14:00
675,0.9861417903488918,46,2024-01-01 11:15:00
676,0.6253311872882612,29,2024-01-01 11:16:00
677,0.9646469066347119,34,2024-01-01 11:17:00
678,0.8268370028868003,33,2024-01-01 11:18:00
679,0.992925223244835,48,2024-01-01 11:19:00
680,0.2750525538027494,20,2024-01-01 11:20:00
681,0.24609186240759284,23,2024-01-01 11:21:00
682,0.5715992874472365,47,2024-01-01 11:22:00
683,0.45615685174839504,29,2024-01-01 11:23:00
684,0.5035442441848323,46,2024-01-01 11:24:00
685,0.3362340075861827,30,2024-01-01 11:25:00
686,0.7082076638246675,35,2024-01-01 11:26:00
687,0.7639598630154008,54,2024-01-01 11:27:00
688,0.13675577795344684,31,2024-01-01 11:28:00
689,0.3449545232151644,54,2024-01-01 11:29:00
690,0.8141518482481463,37,2024-01-01 11:30:00
691,0.5350814092414863,50,2024-01-01 11:31:00
692,0.044736300886014546,41,2024-01-01 11:32:00
693,0.15731178965072035,51,2024-01-01 11:33:00
694,0.41167761390042257,56,2024-01-01 11:34:00
695,0.7263887395890152,57,2024-01-01 11:35:00
696,0.6692411565875048,30,2024-01-01 11:36:00
697,0.884172496962876,33,2024-01-01 11:37:00
698,0.9173765485160705,29,2024-01-01 11:38:00
699,0.31786588951761385,22,2024-01-01 11:39:00
700,0.29685682273561365,30,2024-01-01 11:40:00
701,0.6631859058118676,53,2024-01-01 11:41:00
702,0.13200691257709163,48,2024-01-01 11:42:00
703,0.7192607800502624,57,2024-01-01 11:43:00
704,0.29615905489253613,47,2024-01-01 11:44:00
705,0.29784352208516607,29,2024-01-01 11:45:00
706,0.08233533941186078,29,2024-01-01 11:46:00
707,0.9320134625778685,20,2024-01-01 11:47:00
708,0.1310197450825843,31,2024-01-01 11:48:00
709,0.1455921003884617,59,2024-01-01 11:49:00
710,0.9242567080172382,29,2024-01-01 11:50:00
711,0.5175159957066096,26,2024-01-01 11:51:00
712,0.5216700622427567,21,2024-01-01 11:52:00
713,0.9283385683019988,54,2024-01-01 11:53:00
714,0.8572020355954026,33,2024-01-01 11:54:00
715,0.5979018444856257,44,2024-01-01 11:55:00
716,0.22440940645281626,45,2024-01-01 11:56:00
717,0.36301647531166703,26,2024-01-01 11:57:00
718,0.9138213372335808,26,2024-01-01 11:58:00
719,0.8871823418412829,27,2024-01-01 11:59:00
720,0.16402654457356214,59,2024-01-01 12:00:00
721,0.004866200159620027,29,2024-01-01 12:01:00
722,0.9334816139812765,51,2024-01-01 12:02:00
723,0.6732587392752041,42,2024-01-01 12:03:00
724,0.5671647766767195,29,2024-01-01 12:04:00
725,0.07635240633582407,47,2024-01-01 12:05:00
726,0.022807689959605804,28,2024-01-01 12:06:00
727,0.5076832110390671,21,2024-01-01 12:07:00
728,0.0009722691001333716,46,2024-01-01 12:08:00
729,0.7493323933390023,54,2024-01-01 12:09:00
730,0.3084629253812302,37,2024-01-01 12:10:00
731,0.1909207289632342,26,2024-01-01 12:11:00
732,0.5000483074034547,50,2024-01-01 12:12:00
733,0.2392339970453926,22,2024-01-01 12:13:00
734,0.8413264374079977,31,2024-01-01 12:14:00
735,0.5301585751743002,25,2024-01-01 12:15:00
736,0.5847484743439562,44,2024-01-01 12:16:00
737,0.45223442954882254,42,2024-01-01 12:17:00
738,0.8400926887353333,35,2024-01-01 12:18:00
739,0.9085802148682529,50,2024-01-01 12:19:00
740,0.14753636196182185,53,2024-01-01 12:20:00
741,0.5848366744063379,21,2024-01-01 12:21:00
742,0.17354584092216274,39,2024-01-01 12:22:00
743,0.14974373050213607,57,2024-01-01 12:23:00
744,0.24131684251957652,20,2024-01-01 12:24:00
745,0.43742625257143253,57,2024-01-01 12:25:00
746,0.12157038746713833,28,2024-01-01 12:26:00
747,0.11117175402551971,35,2024-01-01 12:27:00
748,0.24912743906532575,43,2024-01-01 12:28:00
749,0.2621193638393253,33,2024-01-01 12:29:00
750,0.5905381327265998,28,2024-01-01 12:30:00
751,0.5934992196004574,46,2024-01-01 12:31:00
752,0.9828597223602323,33,2024-01-01 12:32:00
753,0.0004026301417726641,42,2024-01-01 12:33:00
754,0.037476738465912596,30,2024-01-01 12:34:00
755,0.31723508291714264,52,2024-01-01 12:35:00
756,0.613712228548035,51,2024-01-01 12:36:00
757,0.2722622210099839,31,2024-01-01 12:37:00
758,0.30031874236041456,48,2024-01-01 12:38:00
759,0.9273103810869184,45,2024-01-01 12:39:00
760,0.4035227682970821,27,2024-01-01 12:40:00
761,0.22087831701115823,52,2024-01-01 12:41:00
762,0.4941671877426581,49,2024-01-01 12:42:00
763,0.8374856496368772,46,2024-01-01 12:43:00
764,0.3530294046576691,53,2024-01-01 12:44:00
765,0.7171248547573054,36,2024-01-01 12:45:00
766,0.9160713468591121,31,2024-01-01 12:46:00
767,0.8021243835729388,42,2024-01-01 12:47:00
768,0.637260309605716,24,2024-01-01 12:48:00
769,0.9056175807138682,37,2024-01-01 12:49:00
770,0.10759190652177453,56,2024-01-01 12:50:00
771,0.04698882983900787,46,2024-01-01 12:51:00
772,0.9334323781736714,32,2024-01-01 12:52:00
773,0.5517490047654223,44,2024-01-01 12:53:00
774,0.5675142406020904,29,2024-01-01 12:54:00
775,0.39509203059772047,32,2024-01-01 12:55:00
776,0.8156215159621579,36,2024-01-01 12:56:00
777,0.45194766977831347,51,2024-01-01 12:57:00
778,0.20968486895138072,41,2024-01-01 12:58:00
779,0.05813777362613015,29,2024-01-01 12:59:00
780,0.51487841769497,27,2024-01-01 13:00:00
781,0.7674640083872668,53,2024-01-01 13:01:00
782,0.6673693275441508,35,2024-01-01 13:02:00
783,0.009834436123262291,33,2024-01-01 13:03:00
784,0.8535807828125681,31,2024-01-01 13:04:00
785,0.47949632354414284,21,2024-01-01 13:05:00
786,0.9511553154166079,43,2024-01-01 13:06:00
787,0.051013161398667295,44,2024-01-01 13:07:00
788,0.33283924039170876,36,2024-01-01 13:08:00
789,0.13293882829596104,46,2024-01-01 13:09:00
790,0.1373344638895484,57,2024-01-01 13:10:00
791,0.9743163889194086,38,2024-01-01 13:11:00
792,0.46812625319267587,36,2024-01-01 13:12:00
793,0.3477741801944092,45,2024-01-01 13:13:00
794,0.27317460955062867,32,2024-01-01 13:14:00
795,0.052365206730040526,54,2024-01-01 13:15:00
796,0.1490407552848655,51,2024-01-01 13:16:00
797,0.9191961155820523,36,2024-01-01 13:17:00
798,0.3124182520611113,49,2024-01-01 13:18:00
799,0.9677448224728905,24,2024-01-01 13:19:00
800,0.5150533110045837,40,2024-01-01 13:20:00
801,0.19053677033711103,47,2024-01-01 13:21:00
802,0.7645196731410944,28,2024-01-01 13:22:00
803,0.8221302446962674,50,2024-01-01 13:23:00
804,0.9796248956174053,29,2024-01-01 13:24:00
805,0.8684124586085209,49,2024-01-01 13:25:00
806,0.302637505165564,26,2024-01-01 13:26:00
807,0.5994742065759172,33,2024-01-01 13:27:00
808,0.8398049658670989,24,2024-01-01 13:28:00
809,0.6789306793833304,21,2024-01-01 13:29:00
810,0.8050507349335184,33,2024-01-01 13:30:00
811,0.8409438444866421,56,2024-01-01 13:31:00
812,0.882773130218155,42,2024-01-01 13:32:00
813,0.32196519666613266,37,2024-01-01 13:33:00
814,0.6814411423314695,45,2024-01-01 13:34:00
815,0.23460297820931808,37,2024-01-01 13:35:00
816,0.49741628310997754,52,2024-01-01 13:36:00
817,0.7644354781528567,32,2024-01-01 13:37:00
818,0.8682608592067691,54,2024-01-01 13:38:00
819,0.9923877141832299,47,2024-01-01 13:39:00
820,0.9195240744352432,35,2024-01-01 13:40:00
821,0.21549459878602806,40,2024-01-01 13:41:00
822,0.17415041475456994,20,2024-01-01 13:42:00
823,0.21172195247191716,27,2024-01-01 13:43:00
824,0.9230181676186341,24,2024-01-01 13:44:00
825,0.15407114417649848,38,2024-01-01 13:45:00
826,0.6884079223371489,25,2024-01-01 13:46:00
827,0.3241943863583079,27,2024-01-01 13:47:00
828,0.1324668566911006,45,2024-01-01 13:48:00
829,0.909449781498239,37,2024-01-01 13:49:00
830,0.11485836110031389,56,2024-01-01 13:50:00
831,0.6328644475714675,35,2024-01-01 13:51:00
832,0.9850080437652847,21,2024-01-01 13:52:00
833,0.19336784791201944,48,2024-01-01 13:53:00
834,0.3932094689308293,32,2024-01-01 13:54:00
835,0.5441843177277544,58,2024-01-01 13:55:00
836,0.7496057581574415,24,2024-01-01 13:56:00
837,0.5687318387805999,50,2024-01-01 13:57:00
838,0.5316306127568733,51,2024-01-01 13:58:00
839,0.6346069252542826,36,2024-01-01 13:59:00
840,0.6379960382357598,55,2024-01-01 14:00:00
841,0.46759678594224807,48,2024-01-01 14:01:00
842,0.5962065392748818,43,2024-01-01 14:02:00
843,0.095130067778056,49,2024-01-01 14:03:00
844,0.7155944772617563,59,2024-01-01 14:04:00
845,0.8187408048190318,34,2024-01-01 14:05:00
846,0.22654866265100837,57,2024-01-01 14:06:00
847,0.7999999853447245,25,2024-01-01 14:07:00
848,0.593790819995795,58,2024-01-01 14:08:00
849,0.29748621372995254,52,2024-01-01 14:09:00
850,0.3643516081989755,21,2024-01-01 14:10:00
851,0.21548137691726676,24,2024-01-01 14:11:00
852,0.2304631954916494,33,2024-01-01 14:12:00
853,0.67921401512681,59,2024-01-01 14:13:00
854,0.06380667297792009,52,2024-01-01 14:14:00
855,0.271021560266421,39,2024-01-01 14:15:00
856,0.7811811607703117,46,2024-01-01 14:16:00
857,0.3665970417594081,29,2024-01-01 14:17:00
858,0.30012362122245595,28,2024-01-01 14:18:00
859,0.49699054069509574,31,2024-01-01 14:19:00
860,0.6183219420275878,41,2024-01-01 14:20:00
861,0.048005750144463066,20,2024-01-01 14:21:00
862,0.532534949067147,45,2024-01-01 14:22:00
863,0.6532568609813033,51,2024-01-01 14:23:00
864,0.6008148745856412,59,2024-01-01 14:24:00
865,0.9955710802680164,35,2024-01-01 14:25:00
866,0.9262777023464023,40,2024-01-01 14:26:00
867,0.3299311515400706,42,2024-01-01 14:27:00
868,0.5119719614872252,45,2024-01-01 14:28:00
869,0.8912153014732632,51,2024-01-01 14:29:00
870,0.28650413771442584,27,2024-01-01 14:30:00
871,0.0793111880775863,57,2024-01-01 14:31:00
872,0.8721364864687945,59,2024-01-01 14:32:00
873,0.34791031211082457,55,2024-01-01 14:33:00
874,0.9805670872655322,40,2024-01-01 14:34:00
875,0.2008256961321675,34,2024-01-01 14:35:00
876,0.7064290638743947,59,2024-01-01 14:36:00
877,0.8697674765781759,38,2024-01-01 14:37:00
878,0.5214334006133702,31,2024-01-01 14:38:00
879,0.3139875813433869,52,2024-01-01 14:39:00
880,0.4479492686432006,44,2024-01-01 14:40:00
881,0.6199876862185904,33,2024-01-01 14:41:00
882,0.8736911639522831,33,2024-01-01 14:42:00
883,0.061354594637600623,28,2024-01-01 14:43:00
884,0.5931751984963196,33,2024-01-01 14:44:00
885,0.3025193589500784,40,2024-01-01 14:45:00
886,0.4057569328830196,40,2024-01-01 14:46:00
887,0.1526877768448277,49,2024-01-01 14:47:00
888,0.5544276373754871,57,2024-01-01 14:48:00
889,0.009825734569814393,54,2024-01-01 14:49:00
890,0.8436449008727234,30,2024-01-01 14:50:00
891,0.1638710306229635,35,2024-01-01 14:51:00
892,0.8572285054692208,31,2024-01-01 14:52:00
893,0.11414746169626189,43,2024-01-01 14:53:00
894,0.30993013897478106,41,2024-01-01 14:54:00
895,0.3779150596297557,40,2024-01-01 14:55:00
896,0.6057874417712732,26,2024-01-01 14:56:00
897,0.6223583855698169,45,2024-01-01 14:57:00
898,0.9726763430807008,27,2024-01-01 14:58:00
899,0.3077872237658166,39,2024-01-01 14:59:00
900,0.9741861923984675,20,2024-01-01 15:00:00
901,0.37884672306265355,45,2024-01-01 15:01:00
902,0.7364872347851461,31,2024-01-01 15:02:00
903,0.8883504713901336,53,2024-01-01 15:03:00
904,0.7958895711285693,30,2024-01-01 15:04:00
905,0.6378223427055255,28,2024-01-01 15:05:00
906,0.925201349840112,58,2024-01-01 15:06:00
907,0.12816965015211934,29,2024-01-01 15:07:00
908,0.6890059538914481,30,2024-01-01 15:08:00
909,0.7338779021404339,35,2024-01-01 15:09:00
910,0.30191062646129574,43,2024-01-01 15:10:00
911,0.42063355401389135,56,2024-01-01 15:11:00
912,0.1607992048282635,34,2024-01-01 15:12:00
913,0.5885913222649826,47,2024-01-01 15:13:00
914,0.4600717032882716,48,2024-01-01 15:14:00
915,0.36266326407483884,52,2024-01-01 15:15:00
916,0.4792490644483812,35,2024-01-01 15:16:00
917,0.8319539691841055,25,2024-01-01 15:17:00
918,0.5226460044734244,37,2024-01-01 15:18:00
919,0.7497798770535753,48,2024-01-01 15:19:00
920,0.12502477320160943,49,2024-01-01 15:20:00
921,0.5908347855306773,44,2024-01-01 15:21:00
922,0.39969874325856625,46,2024-01-01 15:22:00
923,0.26718965932697714,56,2024-01-01 15:23:00
924,0.15413461227563086,21,2024-01-01 15:24:00
925,0.34146339743944654,41,2024-01-01 15:25:00
926,0.3025321510707534,57,2024-01-01 15:26:00
927,0.6063390861411284,37,2024-01-01 15:27:00
928,0.5204564066453522,36,2024-01-01 15:28:00
929,0.16141750539432764,47,2024-01-01 15:29:00
930,0.8511536963667898,36,2024-01-01 15:30:00
931,0.9628276978309837,58,2024-01-01 15:31:00
932,0.16067317500952671,55,2024-01-01 15:32:00
933,0.9831783662636918,50,2024-01-01 15:33:00
934,0.26252517163346023,31,2024-01-01 15:34:00
935,0.8449223937995086,35,2024-01-01 15:35:00
936,0.6601995427225918,57,2024-01-01 15:36:00
937,0.4665140499486029,46,2024-01-01 15:37:00
938,0.5253848606271274,53,2024-01-01 15:38:00
939,0.2885772356314318,35,2024-01-01 15:39:00
940,0.09230299572633283,22,2024-01-01 15:40:00
941,0.49185812495503156,48,2024-01-01 15:41:00
942,0.8859460878323299,55,2024-01-01 15:42:00
943,0.3935241253620544,45,2024-01-01 15:43:00
944,0.6937201991862547,57,2024-01-01 15:44:00
945,0.7842337141630479,31,2024-01-01 15:45:00
946,0.17379726347287394,51,2024-01-01 15:46:00
947,0.052546916718779535,26,2024-01-01 15:47:00
948,0.39620991228264235,58,2024-01-01 15:48:00
949,0.3123895086911569,51,2024-01-01 15:49:00
950,0.7587437764620468,21,2024-01-01 15:50:00
951,0.6592177106346154,33,2024-01-01 15:51:00
952,0.7577439315956664,31,2024-01-01 15:52:00
953,0.745598366133776,50,2024-01-01 15:53:00
954,0.42094904931856636,23,2024-01-01 15:54:00
955,0.06074366751499172,20,2024-01-01 15:55:00
956,0.11330807827560008,22,2024-01-01 15:56:00
957,0.267717835048372,50,2024-01-01 15:57:00
958,0.23367562036930978,33,2024-01-01 15:58:00
959,0.10916623056853847,24,2024-01-01 15:59:00
960,0.6816640586363062,32,2024-01-01 16:00:00
961,0.04669733147568467,49,2024-01-01 16:01:00
962,0.41340426198483904,27,2024-01-01 16:02:00
963,0.5104007226056428,53,2024-01-01 16:03:00
964,0.42625856487531955,57,2024-01-01 16:04:00
965,0.5215922162630993,36,2024-01-01 16:05:00
966,0.6367789452324315,52,2024-01-01 16:06:00
967,0.7793133708152155,57,2024-01-01 16:07:00
968,0.5293971777133871,59,2024-01-01 16:08:00
969,0.5578251507445373,47,2024-01-01 16:09:00
970,0.6455242014155438,53,2024-01-01 16:10:00
971,0.8710533409406406,45,2024-01-01 16:11:00
972,0.5124190039314621,22,2024-01-01 16:12:00
973,0.022939584299728866,30,2024-01-01 16:13:00
974,0.1650551086336386,28,2024-01-01 16:14:00
975,0.7466012654734948,55,2024-01-01 16:15:00
976,0.6751871507193501,53,2024-01-01 16:16:00
977,0.2268641958605172,57,2024-01-01 16:17:00
978,0.39677503951333226,37,2024-01-01 16:18:00
979,0.9658668546110375,49,2024-01-01 16:19:00
980,0.011303939974187327,31,2024-01-01 16:20:00
981,0.9187869540912066,57,2024-01-01 16:21:00
982,0.9651843654790445,29,2024-01-01 16:22:00
983,0.13184174586511943,25,2024-01-01 16:23:00
984,0.5392805661518333,46,2024-01-01 16:24:00
985,0.6581719422474048,43,2024-01-01 16:25:00
986,0.0476040247421623,50,2024-01-01 16:26:00
987,0.36660983888482,44,2024-01-01 16:27:00
988,0.012169026348363476,20,2024-01-01 16:28:00
989,0.9952337010307198,20,2024-01-01 16:29:00
990,0.7386214989058584,49,2024-01-01 16:30:00
991,0.04710283252198233,54,2024-01-01 16:31:00
992,0.07732961152237461,52,2024-01-01 16:32:00
993,0.38471593494056433,55,2024-01-01 16:33:00
994,0.7485842992376245,51,2024-01-01 16:34:00
995,0.8678549324311031,56,2024-01-01 16:35:00
996,0.6968034982853447,42,2024-01-01 16:36:00
997,0.9113031505922456,46,2024-01-01 16:37:00
998,0.7864947236035036,56,2024-01-01 16:38:00
999,0.5167284806784673,37,2024-01-01 16:39:00
