road_id,roughness,crack_density
0,0.4467263044679365,0.8223254244716204
1,0.81206759886384,0.44904940924998227
2,0.6289974711391427,0.5879949138952918
3,0.4214079714958493,0.7312619918291015
4,0.4205617348316941,0.6658679310283317
5,0.7836642233305444,0.8149472876557354
6,0.35734879741227354,0.04057626662041214
7,0.8133782281449773,0.3325004048697584
8,0.3617331971515312,0.6157584129366104
9,0.6527593220096563,0.9408250576093857
10,0.5374329205524527,0.8325597924035066
11,0.6898216828219434,0.16332007219396039
12,0.25170108903958266,0.20224139586583334
13,0.23840039210744013,0.6079884763066511
14,0.23007965750542947,0.44923440559832484
15,0.48588240748608846,0.5364439094528003
16,0.2068300621704654,0.9322307337916866
17,0.6581681555588691,0.185270216236176
18,0.6427954566441838,0.14599649871912546
19,0.08465180142022999,0.7305599073964701
20,0.7085621531155342,0.5193280841462904
21,0.6831581592470904,0.21873746493469715
22,0.17744694783020243,0.2653674638707114
23,0.6317594794936625,0.5623812477762452
24,0.94860790339851,0.4867264382310732
25,0.06644926489986058,0.8718330280569591
26,0.8072526488589152,0.4797292326977026
27,0.05532005287683883,0.9111380619464652
28,0.1346074569941902,0.8466321406130104
29,0.5602458222292501,0.5477789537252498
30,0.524488973450195,0.9493366244954901
31,0.9690725307095622,0.6308397574177228
32,0.6684916094576396,0.6641585820375675
33,0.9607527980079308,0.8123741519082543
34,0.3966654114044761,0.47377476627560233
35,0.052691759379125735,0.8132483255245273
36,0.4825507218803008,0.49536848544273937
37,0.4322306114562088,0.5624330228397072
38,0.13391585593879463,0.8475251712289847
39,0.19433355632207272,0.4408269047036677
40,0.5585270652979867,0.21492169096503788
41,0.038928962306302606,0.34965146630857047
42,0.18222786662966017,0.5331157318655235
43,0.7679090308975302,0.6650046637617191
44,0.7990311288722262,0.9315026580690142
45,0.38884264318282835,0.16396349407986555
46,0.6994499436017829,0.8255691385456814
47,0.7142739863426066,0.4272839138117932
48,0.7169919746221103,0.9757439244030642
49,0.333769489546794,0.7550021092799589
50,0.7353818714077682,0.5296037992692305
51,0.7614547576787164,0.4924933926501259
52,0.7531748171800191,0.48666149446046214
53,0.43065368221422606,0.5297557655163196
54,0.6515548105753401,0.7038409348781526
55,0.47035439725736194,0.19253484821173805
56,0.6771250301975056,0.9578095950820863
57,0.14219285814909965,0.71101872141819
58,0.720535701467309,0.8232658471678251
59,0.10463892275355224,0.6280553200952675
60,0.12761077218660766,0.5248812725527225
61,0.6658941448796464,0.9234932114651215
62,0.3011900349043001,0.3078442651526341
63,0.2676071528455769,0.370173155096043
64,0.4046516864231846,0.6105577709235522
65,0.8777378217526058,0.5289185088000318
66,0.8553454926194811,0.877235573215877
67,0.2757981138109492,0.8009126963285439
68,0.38283109913428526,0.1630575057729381
69,0.8831994128790815,0.5714293939490089
70,0.8264792607498461,0.4298153447917774
71,0.12685692532041204,0.8671073758402484
72,0.9588048389488715,0.5705742275043895
73,0.3646858632389919,0.08671697339207751
74,0.1870424719644086,0.6679046705325533
75,0.3172561924077538,0.42209445388852307
76,0.20935658301437765,0.45846390420750005
77,0.8622712108229287,0.6246065821475484
78,0.501254085498165,0.3998339711357318
79,0.4622802054116275,0.8349586569354897
80,0.020239548597331236,0.9404432626852325
81,0.358240105226451,0.744847076068411
82,0.1518718010125517,0.23884145918251398
83,0.4746306848060319,0.14299987008279846
84,0.6709175880088983,0.3556204084440121
85,0.7007163266264892,0.378203112995094
86,0.8809371957673257,0.19870886024645285
87,0.4453584574738326,0.4386013746939348
88,0.7005567045307557,0.42349037385682875
89,0.6735755740637996,0.11866790926302895
90,0.9958223959806366,0.24550647256550218
91,0.3979972573941766,0.6408949791990837
92,0.11149602459746644,0.11885835022941715
93,0.10946263294971825,0.8681613267655383
94,0.6110334290342181,0.9702483245218874
95,0.6490470141366129,0.7025090795232091
96,0.77960896303563,0.32975315379460923
97,0.9043409231891624,0.5531808011012086
98,0.7937797081740082,0.31032713787138666
99,0.19107081374928814,0.6798098295366117
100,0.02504715950324632,0.29823247325828395
101,0.9295202595496612,0.38807844501493505
102,0.3790404250134062,0.8542660652514558
103,0.34878730762921484,0.8244645520233421
104,0.7404053652639615,0.7767096905613432
105,0.034677455971470206,0.0480295370527789
106,0.4850277523833363,0.39836431152963636
107,0.46938013463729666,0.5792356559794603
108,0.638932029208564,0.6949055922877337
109,0.7348222571543205,0.7791798629415219
110,0.740650994678685,0.6284504497415583
111,0.9957712247605692,0.7030049188786396
112,0.5534538611958819,0.4220038512699511
113,0.7682240535990489,0.3024619642159645
114,0.7470684517427744,0.6984769970339978
115,0.4557752500197292,0.4313291510696451
116,0.6374980872701803,0.6670962924186606
117,0.5399362280117896,0.7162901730921386
118,0.8809736705451047,0.03638783214749419
119,0.9073073539818701,0.7390859834680945
120,0.22071204812835044,0.31070935380776
121,0.8322353997211266,0.9241367623322962
122,0.8285168174488811,0.751171058643137
123,0.0022758104466590323,0.11614350483289304
124,0.21468788488366175,0.5439760850540966
125,0.6080117420504177,0.7571937459925367
126,0.745610562201497,0.6058789191324778
127,0.19834258204753075,0.6344206026845071
128,0.7147720708860537,0.1432146792197978
129,0.38062482148601673,0.14859564331741792
130,0.4812763847579994,0.34182132601148707
131,0.28243084991469425,0.018871822187029763
132,0.5398140150872618,0.6357565128230329
133,0.3106131174739437,0.3954042984308207
134,0.3355983315965899,0.9356476648976085
135,0.6043453488178153,0.8882344262107735
136,0.03359620499124849,0.8365733599132894
137,0.9949594143368572,0.42869325990846496
138,0.6166764345878132,0.6364979117871824
139,0.26452739591577357,0.6769034990555964
140,0.1975715566195898,0.8326448912562988
141,0.9154888070282362,0.08904730849515552
142,0.9649107033771254,0.868644309050441
143,0.5102905115545397,0.8342368578730991
144,0.4430320418645106,0.7706942996614543
145,0.6806691684218362,0.4601624147436555
146,0.1429877451200875,0.7301489847953644
147,0.08201034109698802,0.7759862222632683
148,0.57381891972814,0.5948748457297592
149,0.7472237049458065,0.06539634772536063
150,0.3211190751679749,0.34932561445315
151,0.5142747881513572,0.1734360168253417
152,0.2521728565458792,0.4764373983028385
153,0.2963664711536731,0.35334519349920035
154,0.09120302173034833,0.9265016983420115
155,0.6708891969657491,0.32244338469385203
156,0.06281680010093948,0.6461578695319381
157,0.4481227744999401,0.31150713273034925
158,0.45220502879375724,0.4701048253797868
159,0.4729607544810628,0.5310915240180892
160,0.8937161391005374,0.40321194447862674
161,0.6987625563811436,0.039552922177079064
162,0.1265127831672218,0.5390938822031504
163,0.3973522690190655,0.4894835336760064
164,0.04779044286359535,0.9646980387979321
165,0.757124920781623,0.467746840048922
166,0.9220250798784162,0.524844662933304
167,0.985641859967684,0.18364716330888797
168,0.8315537968341569,0.5177614687900498
169,0.6430504292285592,0.028021435603586387
170,0.6976115469323741,0.9973727364620023
171,0.8071893287147026,0.8670245066485006
172,0.024852173060444738,0.5065399715398476
173,0.3382376667628273,0.4609808239165877
174,0.8075192174048583,0.3120508704547006
175,0.0037767411768120374,0.29735949109298443
176,0.8106075793303552,0.16197271441369365
177,0.3237248451686301,0.7507440944971094
178,0.7332745418243308,0.18839726878519536
179,0.29382363947753454,0.3695393552659495
180,0.5212620113914934,0.9534897426186951
181,0.916765950153414,0.7804373779495591
182,0.643024256100474,0.2190157723046794
183,0.9737392073202124,0.6906509095569303
184,0.25256298055693516,0.9390189090500807
185,0.7290313443771885,0.5970506543573272
186,0.9722326080829634,0.016351636424575933
187,0.2787746261077434,0.6798181874907377
188,0.5651879751691123,0.9691845642796811
189,0.34927077640662296,0.3489255382186439
190,0.7792505379358798,0.6056660200345549
191,0.509254651920768,0.4366245537393747
192,0.5103495974428489,0.8553141483674791
193,0.20503802274193406,0.33654112873964925
194,0.05718427322541475,0.04181362122847243
195,0.4182855637286069,0.5120078643147202
196,0.004083529517139861,0.5565621022072957
197,0.7742746173961832,0.004059116451435529
198,0.8164963731283197,0.7665624809114557
199,0.9951237685142409,0.9155609507053939
200,0.750333763112852,0.9787476680607482
201,0.9159170693507699,0.008308796741965052
202,0.5819654115258348,0.19276217534008067
203,0.8949166690103425,0.7896580440870524
204,0.11532455928739926,0.8333635476589336
205,0.22693301579215552,0.9804108623397106
206,0.5362975792401578,0.2024868185141352
207,0.9771927841211907,0.5151395032959939
208,0.9841407777901723,0.9022478045550638
209,0.8434756191988042,0.29119575333375924
210,0.3450212787177568,0.18976401780590924
211,0.7781997929539404,0.9906399333682103
212,0.533669265821298,0.1443317763144626
213,0.7076629149025111,0.11115702181531162
214,0.6991858192113781,0.17301400894142682
215,0.12410815468272507,0.7749758583039787
216,0.3343523698520766,0.9465660253002743
217,0.7670728069685895,0.903028597159312
218,0.1657698765197012,0.11578936757928726
219,0.5615712062812788,0.36797419576299784
220,0.5610099356104297,0.9036288943765769
221,0.6101295040580121,0.5281968009779427
222,0.809087006373311,0.9159802271448314
223,0.6059398477305409,0.18694102176209404
224,0.4487612333770108,0.021866364223971146
225,0.0879877284889109,0.7565088086456693
226,0.6769071784311352,0.24470856863527013
227,0.6980829016449822,0.6764581452231341
228,0.3949417208246412,0.8658842075446176
229,0.6480101966316459,0.1390189691783943
230,0.2700243597198757,0.1552633821376801
231,0.5984762256663784,0.5399494550338735
232,0.197255894327647,0.38491328951365944
233,0.18093888294892146,0.45553785377377864
234,0.856087395201667,0.13772655981570958
235,0.3000106085388088,0.6799687561006988
236,0.40993581851090644,0.17897717341489439
237,0.21243590530655,0.4775858558298772
238,0.044992465021768235,0.7078572181586348
239,0.9597614910169462,0.0810700046476509
240,0.4994016966601218,0.6656967333712241
241,0.4245433318101215,0.7806801533825358
242,0.7407955467126375,0.7901425148784176
243,0.8479862593993791,0.8051845842154495
244,0.9089617086392245,0.5766624729468423
245,0.2121412277041148,0.4231731607414344
246,0.4414235192582592,0.9376868782916101
247,0.19255406034280753,0.4904198114035353
248,0.7793868736915563,0.25618887231000653
249,0.17860237067292395,0.2564023468226171
250,0.7473257298760356,0.34516760821460013
251,0.21855584119675042,0.6680269267795985
252,0.24569669108279413,0.3885103964112475
253,0.9306916595741669,0.2055853360954223
254,0.23388437539026974,0.6645122196780054
255,0.5791955903587925,0.6435267316887057
256,0.8735174817026778,0.9902061964364773
257,0.35054219795204067,0.8287669581074056
258,0.3071296140463906,0.10002693442755539
259,0.9379980781283954,0.4365934906623673
260,0.5224114826725406,0.5800960924693372
261,0.5210896241791629,0.24032491122478128
262,0.7232624044660529,0.6455055901270311
263,0.29119442992976374,0.7167269400422048
264,0.9391690654864991,0.4240820407573549
265,0.3704717305557841,0.16433739534542036
266,0.603580378599948,0.6171639337234338
267,0.46940903396724676,0.34008400666535177
268,0.4363439274369807,0.6126556148723769
269,0.5700036176951976,0.28121042244223826
270,0.35554558471746267,0.4146189377995796
271,0.963953197285575,0.5273075207505029
272,0.2586408781694106,0.45264687722844243
273,0.3970764134078788,0.577278898568157
274,0.25343294865192934,0.10473379360933843
275,0.03194585486748103,0.34034743293524694
276,0.8141479473174261,0.22031720539984823
277,0.619522809593635,0.46246670783263544
278,0.9895835978911185,0.2297054548407823
279,0.3889122184263357,0.47578619813883516
280,0.29907681328835944,0.2777140909818606
281,0.5389582661032213,0.17822841037472714
282,0.42513855982054605,0.5160230086337624
283,0.7041604731799093,0.7552031043214797
284,0.6877180342975076,0.010784658201676844
285,0.19201044640188603,0.7142887444684503
286,0.0847453023233895,0.4046480392688693
287,0.5466200247236598,0.43580374243877684
288,0.4516972053554881,0.9001167284301358
289,0.4144056555849911,0.8418542753992369
290,0.6598835347369411,0.740831906211795
291,0.339861269430797,0.9292751021625271
292,0.8334131836455696,0.39333102726952895
293,0.16143730683705249,0.015441987360244935
294,0.23082753612338558,0.1263764966022135
295,0.1931982282765915,0.28953487488741503
296,0.883465797294901,0.7786434532326191
297,0.6617797426970204,0.7787616696604879
298,0.20812200104938028,0.428812755619841
299,0.7470842552245723,0.3971330360506269
300,0.2320358891472658,0.3692073449498783
301,0.5500638531840142,0.10003580295318237
302,0.6150375944937089,0.5141078998895326
303,0.3965834555072554,0.07601569463062408
304,0.06131458553757474,0.8378558359887318
305,0.4299773620167079,0.6215046245246739
306,0.5890678748429818,0.8181506449150581
307,0.5291003320184345,0.3915952535986379
308,0.9974503100702163,0.5402773994179247
309,0.49490431456928907,0.2768956682888406
310,0.4588905610473414,0.3632269669950494
311,0.2704231026231282,0.5032483974055098
312,0.03343503007132642,0.4752947608910363
313,0.026890017169767244,0.3535602620381171
314,0.6661283345778418,0.3487278659058931
315,0.6633763945638703,0.3246543259405268
316,0.9656062032734125,0.4562036033111201
317,0.7861228235965431,0.7012922408234985
318,0.40773369475849774,0.7819712112979548
319,0.5172954445327438,0.5047967138885855
320,0.2018362036559972,0.1303819054849633
321,0.862219690963144,0.06427603730140419
322,0.002968779850613723,0.42357676914757325
323,0.38729224560207043,0.2182203816401187
324,0.9049453511587096,0.002777312417526656
325,0.43204153379836974,0.8980618503969328
326,0.4766058200388731,0.08148756458391404
327,0.6599816016773544,0.5564379423395481
328,0.8404437642347784,0.08181434954503464
329,0.32330704399220145,0.31146282532534164
330,0.4862005367344714,0.030220090315909554
331,0.4638444361566486,0.039966683710858764
332,0.3485970669759907,0.26765896633380315
333,0.12254740981302359,0.5703478520592895
334,0.6309661675278972,0.5382537945797683
335,0.6622633313376268,0.38333374732803394
336,0.2863509152530448,0.40777134671188153
337,0.8988318150011966,0.23508985070780775
338,0.8197405472785106,0.5152197793085765
339,0.8029761293869363,0.8559811547910892
340,0.17115951425996956,0.25929657227255176
341,0.905683403384964,0.1447402830248159
342,0.31517513283981935,0.44024290676711986
343,0.6928868753194257,0.26262812127014534
344,0.4682271102923714,0.009494211857332235
345,0.4688500395289732,0.6782813305327836
346,0.1624397878903504,0.27892107477218464
347,0.2999547602499959,0.5007911055002159
348,0.5106751933513544,0.22268532772227978
349,0.35030833291159325,0.5577135486703527
350,0.17037220078837834,0.5323308197613249
351,0.09126455498741781,0.683682278933428
352,0.12043598168055936,0.7338968971219552
353,0.4366835799289097,0.1286762198135718
354,0.609013035025885,0.6632173146481063
355,0.9842614278242408,0.1971568437555411
356,0.14760878389351395,0.3347520876660297
357,0.2106441263504002,0.2719364677713335
358,0.36006913640678717,0.9488789470926051
359,0.09951312535401469,0.7984969754553779
360,0.45514583119602414,0.20800107128282652
361,0.495552910790538,0.9471851410892654
362,0.1873169453013659,0.33701016601912404
363,0.4184674502406841,0.5070692614875806
364,0.0011132854239156442,0.47936735317644397
365,0.11399676342411746,0.8525657830501717
366,0.2910546111887774,0.5259294938031168
367,0.2877967189377102,0.9170825873617623
368,0.47630676198641053,0.943989750047301
369,0.36527479079551073,0.7074157220980762
370,0.6399952073911147,0.24530919578665156
371,0.09021769610953945,0.06450182405225391
372,0.09274137637996427,0.8623938354698207
373,0.5220458494317032,0.48974593717894255
374,0.35385001058181276,0.8096777210607096
375,0.23362156336717388,0.6190937545048936
376,0.1294432827055889,0.5449202107774199
377,0.4546801109180868,0.1466424092515174
378,0.1958539623080927,0.9479526670306224
379,0.7964403689601669,0.835792221641828
380,0.38343261426282016,0.993653833337347
381,0.5067346098255175,0.14458244179168867
382,0.36160077789066436,0.6211446888280674
383,0.38937348786646986,0.1117745457523317
384,0.570260247606447,0.5167599885112628
385,0.19768659968455038,0.09232709649160453
386,0.751195727038362,0.7046949051117878
387,0.3222896178640735,0.21895791756721605
388,0.0570627742220996,0.23527396833478453
389,0.4688258039050326,0.12106682029570692
390,0.39579256623487724,0.5120300699484465
391,0.7374201427456316,0.9163384550044014
392,0.24202497565062897,0.9728513192502948
393,0.5055974388379009,0.3620911862342998
394,0.7969888237890018,0.6853279703855633
395,0.44855261794988066,0.6684762324088932
396,0.7409968505046948,0.14711990076744852
397,0.527977925125752,0.5132486052001455
398,0.9729672670250998,0.5117683026373361
399,0.2404458382816964,0.1421761747051532
400,0.9223267853850863,0.6347771037490366
401,0.34453301525971614,0.8212507480800676
402,0.531656975429759,0.7802976980223092
403,0.6782847132344764,0.6306806629885918
404,0.792454112044381,0.13360500026108646
405,0.04377032689521543,0.7304109445369843
406,0.016554417995485404,0.5767698192647689
407,0.3919659736864395,0.17171843490196803
408,0.8338159139819981,0.1433902979088506
409,0.2523676535706477,0.5246761822896985
410,0.16557824853540515,0.5811500802933135
411,0.9255580624707318,0.3335574470959879
412,0.7477635220613901,0.7944799859354102
413,0.33167745770575374,0.18427107909294094
414,0.8517474306882316,0.774046434970466
415,0.6095086781722329,0.5689148609843604
416,0.3273031816456211,0.40187310747909255
417,0.831779558693581,0.3586149619229303
418,0.14616723350515726,0.6301300056992897
419,0.35720190790125816,0.9805946605292296
420,0.32792183070029235,0.8036921539613654
421,0.16157655882655997,0.1916274516368417
422,0.935241798750889,0.026230759946206272
423,0.7841542419063451,0.9408415215105457
424,0.888925397902206,0.5225929420653318
425,0.5201050647953335,0.051626858497439976
426,0.8511571059850355,0.25799793552047245
427,0.34303808817373616,0.2608921025202201
428,0.0899029613896769,0.5716179453047201
429,0.17119560646163035,0.6560978501424262
430,0.5146374412612061,0.25838493456096223
431,0.5791232960026554,0.22211277949213426
432,0.31471549305478885,0.9681503300961286
433,0.8421299369065732,0.05605992897873868
434,0.3996285747010071,0.4239299286181484
435,0.08402547455447584,0.2837550517212192
436,0.6443505080285296,0.6555207577321599
437,0.12478169183809695,0.28839470135903766
438,0.8534214438840325,0.7491597369563114
439,0.599979663626264,0.7505521558805056
440,0.9005571870451211,0.5291603886448353
441,0.8446582921331566,0.3917142058758861
442,0.6336034671957891,0.5932617930390122
443,0.6147870402595814,0.7907359353557898
444,0.03547236639159934,0.14337118877176303
445,0.4469886930981658,0.03561599080812461
446,0.971295043082901,0.39724189843073154
447,0.8683690832293894,0.803724023969243
448,0.421526739484981,0.035779157868023326
449,0.7821587195277481,0.8727483371467688
450,0.5220894866116117,0.9449016257564798
451,0.7337446730343201,0.7857234505275621
452,0.026712443898315952,0.6765175581374979
453,0.801384636520639,0.16572029142671163
454,0.9297230663417994,0.4908809563877532
455,0.8527012693063908,0.5769965108327908
456,0.9187619095269935,0.33795938127506964
457,0.3292577853697314,0.565731715080215
458,0.8216612574399171,0.9200963450205258
459,0.373577078581415,0.7710267871621167
460,0.29953807133530175,0.30319735438309614
461,0.5972321653222359,0.9637562745038953
462,0.9359563658867276,0.5191724230344861
463,0.15072317533490132,0.6451319667994956
464,0.5994173363428379,0.9992754385479735
465,0.6393201340009459,0.09219968510753374
466,0.40670486661371263,0.7565590709109555
467,0.17580569420141556,0.26710661903879207
468,0.797455417448045,0.053909988881601145
469,0.4275294390066695,0.0033928075784182
470,0.2954528838721663,0.6612047142020384
471,0.8753255530989138,0.5627103643309921
472,0.26259124087645325,0.26267367172001266
473,0.08729170237288564,0.9650490973119472
474,0.5586263155429678,0.5857583936110196
475,0.8782206980520902,0.21948375960456523
476,0.6781105309316662,0.2674805795140016
477,0.8186911228480244,0.3741811490396342
478,0.08757021412098576,0.274204906536465
479,0.46142819441317395,0.8553170313038755
480,0.38088900092785927,0.5817767623336544
481,0.04608223941656464,0.17965727302254209
482,0.4165756474007378,0.09663647479141402
483,0.7346187364492539,0.7398346562406266
484,0.7462062056807239,0.8700114195348904
485,0.7893606609545177,0.6764394103316799
486,0.9784999337405754,0.17722807901459703
487,0.9838365864664429,0.009008449325743517
488,0.635514420866571,0.3315602494620906
489,0.7686946047324084,0.08983092797190195
490,0.20210003750217342,0.9979538638072806
491,0.9039940924491099,0.7687279960160693
492,0.33453485281996764,0.11905926514297083
493,0.3199571691224602,0.8560176518465636
494,0.6994344194605095,0.9614229700358503
495,0.7316898827150032,0.35632035622303315
496,0.23053685212424502,0.02852070624194325
497,0.7240087162234348,0.047628808586399285
498,0.8930307007240329,0.9220696718145531
499,0.7323085580248374,0.9491720964243685
500,0.7463454932382961,0.7196892753544806
501,0.4613741820652778,0.9466372043419607
502,0.2703981502919678,0.35447701083048033
503,0.5985593236753425,0.3578578181320968
504,0.31825452399018517,0.47432565005396454
505,0.8649488343660603,0.0540680383550215
506,0.08975336568798864,0.20323555914372193
507,0.45910633124577316,0.8318606765751259
508,0.36380208997450714,0.6941058750311004
509,0.08868140762445531,0.6022051704763524
510,0.5966118852936887,0.5099259787118788
511,0.6160998451619925,0.39007087018219766
512,0.47117085809579506,0.328495492967797
513,0.7460660189252976,0.23996074956522007
514,0.46170129129240434,0.9464666385010381
515,0.6450405040943167,0.6020249553949604
516,0.9817719890664678,0.3084248694588624
517,0.038991555339158324,0.6301533737683425
518,0.2789672021644787,0.7502750407659189
519,0.2526500430258668,0.15875933737307857
520,0.3291210028470012,0.9038433802766941
521,0.5133993675978454,0.09755443285523102
522,0.5982350534754346,0.5221392038199543
523,0.9204163032255602,0.6285274905698169
524,0.8940569982660261,0.030693983125584245
525,0.3536946473157325,0.9757431431694693
526,0.10876633485908327,0.5520834784203809
527,0.2635374172736058,0.40692457302895324
528,0.243865002747359,0.9957016224761723
529,0.6776190790809044,0.9071077392348886
530,0.434840933004475,0.3816681585200923
531,0.3597769057866612,0.8028052756506131
532,0.32010161573994367,0.5968340565934128
533,0.7517022322015984,0.7622941529580172
534,0.5649980238649873,0.9970332823113233
535,0.5716737290988723,0.5245871992600608
536,0.4555322768811225,0.4654087692360033
537,0.9472342984001202,0.16687631278461246
538,0.515387290778466,0.9333342882074698
539,0.728737738242494,0.7838692125075197
540,0.21686942467959525,0.40561842983164986
541,0.6191327596103754,0.1290171799229396
542,0.7832069597819475,0.13159978103498748
543,0.9821824067332591,0.2110847197523339
544,0.5772419202382875,0.8363242786634635
545,0.08627185189343523,0.7637134646655872
546,0.17285306364827713,0.773904292525725
547,0.6668951605649082,0.9221012242515251
548,0.9804141411252134,0.9627741626365072
549,0.19915177678110918,0.8916053844401443
550,0.8888208261260994,0.8177440581801002
551,0.425024955376307,0.29088214300056936
552,0.9507802015343834,0.5463972257627349
553,0.5182671875401381,0.0782592721575266
554,0.7463046690813355,0.049361867472949905
555,0.7568416058257109,0.5936678375710734
556,0.28483669921374877,0.6537659297292996
557,0.2850989400004208,0.15325248650270462
558,0.35688648079861107,0.18527089582575884
559,0.8973803776789225,0.9012366649404139
560,0.6148827127144025,0.7158004312833944
561,0.02877035917803128,0.7118470826043006
562,0.7284722812713166,0.6294530831484395
563,0.31350114326278744,0.8968669365006648
564,0.3589960622405737,0.40554316744483854
565,0.23310223279537456,0.09944940087022702
566,0.18647516324294822,0.9153016304152193
567,0.12898328299648953,0.3571298541816702
568,0.2221732068027148,0.994810421846445
569,0.24820400017031774,0.9086089586563358
570,0.07299755973230393,0.9442811802434163
571,0.9669184195226366,0.24651054242234172
572,0.5463225524658026,0.9206908322731449
573,0.5032956828713386,0.2290568761622137
574,0.43563893524760733,0.3611137009365504
575,0.6858456012844562,0.7202382879616058
576,0.46435493147341345,0.4537952607202257
577,0.1121745310016038,0.24902476043812505
578,0.9715197083873182,0.32099615175470453
579,0.672263209633041,0.22328495316748476
580,0.5985808008249534,0.1645554187370557
581,0.2157640300961302,0.6784080240607412
582,0.816844641481738,0.4873966771984687
583,0.5839869088444584,0.3159511303931788
584,0.5329783909071908,0.2716553751901789
585,0.33004660531855523,0.9408876502375496
586,0.5796878728613889,0.43808611163551137
587,0.1063259943734145,0.3397422097083854
588,0.7249819549050796,0.32001027961118556
589,0.5653346606661399,0.4214956256793855
590,0.8153166555298104,0.5146707688496381
591,0.5812836349474986,0.4661791186820764
592,0.7990346416572834,0.8665001267444911
593,0.3113049598796259,0.26803799591678523
594,0.5523875314398323,0.7327671761309966
595,0.09688409928534203,0.648047453524151
596,0.5412434583376914,0.4918109153552128
597,0.9903781727318892,0.7843271650544211
598,0.08885567747550771,0.8825016821292081
599,0.43996795109539744,0.10152690348949345
600,0.7769565068271075,0.6576816078848575
601,0.917569790439743,0.81739364554594
602,0.21982836075102608,0.5968615679210679
603,0.017809208745599436,0.9339467718748883
604,0.14043637473775594,0.8703396635070357
605,0.6149471419840479,0.5907607129771332
606,0.4258930775545098,0.477322823098547
607,0.4786696534629644,0.0944585546271004
608,0.32313229265408383,0.8267312838559984
609,0.12310067214414178,0.4342658482079178
610,0.2736572519450059,0.3475190586679785
611,0.4628417901810754,0.1196894829606665
612,0.9083691135869842,0.6961803167578356
613,0.4781637726846829,0.6015240159670728
614,0.6776750199223787,0.7598032566543521
615,0.5710609541518402,0.32497091118597954
616,0.054786538004387264,0.9542796065598051
617,0.573115116976166,0.2670481396304891
618,0.41817450406431844,0.5770760224900106
619,0.4037903508362184,0.1905757835355406
620,0.007902120592410466,0.5432700750496006
621,0.9738343529083627,0.38124228355568246
622,0.7822152328335154,0.8998859858949327
623,0.7079635465874982,0.03553548968261466
624,0.2760437194376273,0.07894153260690784
625,0.7685332964563331,0.4904930257346849
626,0.005098297319835354,0.5629416092513068
627,0.8323768459015146,0.6655581883196776
628,0.12647721653765998,0.3672339758812584
629,0.7483363572012152,0.19930518377371065
630,0.4404224937926554,0.4704018255414224
631,0.6576340659552106,0.90615928672981
632,0.8997379923275359,0.26357959049183954
633,0.8309646639584414,0.07238315211303525
634,0.05613289478089811,0.5310491710610699
635,0.1871531340417415,0.49977096127494547
636,0.09708945093788812,0.4948543324476611
637,0.27172353304952046,0.2141134042434344
638,0.757593878084492,0.05057677752655443
639,0.7711185215190652,0.41009565640974244
640,0.6948025842129664,0.10574849566444855
641,0.5860449274618957,0.3555038413578301
642,0.8328155943800452,0.21854369417143116
643,0.15324618338462204,0.09038284965184618
644,0.509742789911517,0.3002469731434557
645,0.16652516772957826,0.1937873963601776
646,0.24287699500103055,0.859420776827603
647,0.4206790430433722,0.720449085057311
648,0.6427321548104705,0.967438703683021
649,0.2922352995959139,0.9429410351111599
650,0.7158326461178415,0.5304027834218369
651,0.5249438778674678,0.18897615968665993
652,0.737226046561157,0.5015044110545032
653,0.44516253930543037,0.7300625853359253
654,0.9841526593209128,0.3437644909403714
655,0.9607026392691687,0.9134607788210249
656,0.47464520811238153,0.06153218350393097
657,0.11992751571865434,0.5387367517936488
658,0.974012590434203,0.22010619158011302
659,0.1901435091655399,0.3310713393034418
660,0.8065636422294885,0.396545959772709
661,0.6217900669472434,0.659886636560083
662,0.731638803822446,0.08563555391760735
663,0.4980657855386439,0.5796990684777085
664,0.8818906526993392,0.8818387239154838
665,0.23442729718054034,0.8134763218694323
666,0.6374087179765782,0.40033243397536733
667,0.8410022791941404,0.41586351323125104
668,0.09014370524706572,0.801428929269283
669,0.43905905010110013,0.47393275997436835
670,0.04430680197986281,0.6271807172631493
671,0.2851565042187906,0.1664945984076336
672,0.0010433961872761133,0.8154628381960829
673,0.8908610287417749,0.23106613642916407
674,0.8669220024138392,0.5933589051462695
675,0.17643239932161037,0.6929482935322174
676,0.6841780031065006,0.14939168379328893
677,0.8091190804976168,0.21510863939528013
678,0.013004627887733045,0.06645038971256079
679,0.12053605591358652,0.5307368469429109
680,0.09281686383961107,0.9237268108473571
681,0.1062083534544277,0.24512383592143772
682,0.23015474186534235,0.23316037131216782
683,0.1153578536144172,0.43954450070594886
684,0.2291943971245578,0.014274336073217375
685,0.028154812282425334,0.7088702940523546
686,0.4423731698023169,0.4349062532608161
687,0.1596278400007689,0.8740096205808744
688,0.023525651894819144,0.5111232736293603
689,0.7565483797001737,0.7117729915016167
690,0.35462440926088445,0.8867606943099708
691,0.9676735407589809,0.3300774351089736
692,0.372101878704478,0.909226594131502
693,0.2116282249937792,0.6808223663164557
694,0.27024047540001406,0.06360891354750386
695,0.5546654083186149,0.8392066127347813
696,0.31890648986153025,0.04558742676549432
697,0.594169266642862,0.05067046411225806
698,0.7557179816525254,0.9041950671359054
699,0.5205439228954847,0.9649744133798039
700,0.660227032414266,0.6585196985588283
701,0.6327202946417673,0.013807000610167264
702,0.034105194092138524,0.10085544884467335
703,0.32239675483400865,0.40766516317194645
704,0.7912077885002986,0.6009597593225691
705,0.12267089878809445,0.7672443275414349
706,0.6236611876732456,0.6360772648819956
707,0.5790825472224808,0.10865087620094471
708,0.6613948799621944,0.04217838030584731
709,0.7284941213851804,0.15518579293308354
710,0.23755448773776922,0.41395123997870753
711,0.686316966856435,0.7397556330046343
712,0.059312871286822055,0.9318419850538223
713,0.31168005449425473,0.7339950163781148
714,0.7180390896433847,0.38898196295817644
715,0.9128279966652302,0.7884471323902333
716,0.27457277194565644,0.942667357188631
717,0.37591385856660975,0.6701338399950965
718,0.8541951588664429,0.40210774121437465
719,0.28202873557723707,0.5001055429648626
720,0.5158952066692112,0.7202175292702627
721,0.17654875352256194,0.20058606948453472
722,0.45532562060145554,0.9465901521256342
723,0.5883385621163324,0.29879557563645387
724,0.29796280926929697,0.21084201601330232
725,0.8888179357842476,0.016554292587856012
726,0.9695985044952254,0.33524039184965715
727,0.40026637520747255,0.3327551233806929
728,0.05420286276662922,0.4933332658189936
729,0.042300058913134486,0.9253614216834076
730,0.14543920951009137,0.93342771895532
731,0.19014977538583033,0.8627445597229054
732,0.9690070230596665,0.11519504428269656
733,0.6524848724576289,0.8391271170472441
734,0.17339498475556647,0.5197340831754018
735,0.9622961076816662,0.2584616769648723
736,0.44512223860863764,0.8234948636945593
737,0.3138973940481974,0.30776180912868434
738,0.837777319768945,0.9009991710973121
739,0.5824854692422087,0.5738644889303762
740,0.5050458379336521,0.10867136871720784
741,0.27891972915338503,0.36015558557010274
742,0.6167464738841578,0.4760836539849743
743,0.15741304171678694,0.24117321546532833
744,0.47491566538886487,0.7264084784093536
745,0.03748819284834537,0.015092597429842702
746,0.19013145594253855,0.9559743237308455
747,0.5228399754349315,0.14470139087532585
748,0.5920233024083223,0.24210011730954661
749,0.9906386894077368,0.4130168058440925
750,0.7376863776033444,0.2605144054458157
751,0.7423170924708431,0.9731069089510004
752,0.9368962332212242,0.5117807756955101
753,0.7412112715108681,0.5206897785422435
754,0.9069292880363078,0.3963937905750877
755,0.46819920177855123,0.5369249206587084
756,0.8872095343950295,0.7152086548208222
757,0.3981402083587503,0.9208913443569883
758,0.22790636129739084,0.10003777034223593
759,0.40121879549835404,0.010498739198002482
760,0.2934816291520054,0.1253343857281045
761,0.29539101350113894,0.489888711285813
762,0.2862358185522288,0.878859660556046
763,0.19436053808612574,0.9847894142895413
764,0.3738715618611268,0.4900715532960823
765,0.9475017055662677,0.8671934229790444
766,0.4869000449482149,0.2827361859541505
767,0.7984784513967279,0.11298494442296925
768,0.15085233370973128,0.042645511851532425
769,0.5738025497933495,0.43590724703932004
770,0.4301313360612944,0.4430646317597444
771,0.20716092288954246,0.33579297611638215
772,0.9910470784900174,0.7973144186856327
773,0.013602853708310825,0.9127251003593305
774,0.7884065789469652,0.6329624242828725
775,0.8523086737308273,0.6761461772879639
776,0.8463443509840011,0.7179557157240163
777,0.8632327025834367,0.2938773088929
778,0.5645906199615561,0.32571657691885414
779,0.5806373501854946,0.05904761388813928
780,0.441769580065556,0.4916482990135722
781,0.7890349093911662,0.03594672155783363
782,0.23014910049108483,0.33243715036839927
783,0.10493460302964963,0.03154193446843401
784,0.6941465931814288,0.187782323780059
785,0.4937120579452353,0.6970416837266477
786,0.7211282774350197,0.636886802854883
787,0.06823601587512451,0.7633353707198781
788,0.8609920978472051,0.8994145516352317
789,0.6351472173157005,0.928517145939279
790,0.2108432966226571,0.1120759510064746
791,0.41804154970154783,0.3565321099657597
792,0.7736707974166909,0.02980517447645048
793,0.0391150193940899,0.3317942231425013
794,0.32142068385432354,0.4460725355737314
795,0.25524808145401323,0.03147334500337873
796,0.7094311366037228,0.3142284170401024
797,0.12387881422068403,0.3698675333031203
798,0.03788234983055072,0.2957060130960055
799,0.7575249976578156,0.020978195551426104
800,0.43843039813464524,0.2674638676184887
801,0.12087084219752486,0.6277304518390368
802,0.12520810687155326,0.9879425854637297
803,0.886514110150821,0.23358591016470265
804,0.7409109222608059,0.7297185461322214
805,0.1283401835083925,0.5905913290521638
806,0.623105453783191,0.8608172834715464
807,0.20754411286582553,0.8799799311484257
808,0.705078842994332,0.05139294789702864
809,0.16099643787826134,0.6711197609405012
810,0.9887248885137289,0.248147510388266
811,0.20128889587552412,0.2092930076546048
812,0.5567926784656817,0.7580998487717195
813,0.057546627130068306,0.46583708584213024
814,0.22643421203847314,0.011328988217754965
815,0.1806274621614532,0.6456937462313007
816,0.42527725214709866,0.2748307553403
817,0.23996791379380378,0.35204367196142095
818,0.4956374584017823,0.8737040108890387
819,0.6115171151101426,0.5584762142606767
820,0.8330870485357058,0.4521198288704511
821,0.9614254988905576,0.7593176074744286
822,0.1333906901291546,0.6537963689423729
823,0.7036110844679219,0.4325035236770991
824,0.8612639196536627,0.9355901103433251
825,0.096227520700782,0.5043030862401083
826,0.6286660402296098,0.5230916620174875
827,0.6224974619538941,0.24018310637253426
828,0.06546360377684879,0.6926531748120136
829,0.5096611478248412,0.1791015272863894
830,0.03808910970328572,0.9086637063153838
831,0.6180869197561938,0.1891717291238586
832,0.8747009952336634,0.33922295418893567
833,0.9919262361519794,0.4888383747114713
834,0.8078146785273785,0.3330240186615596
835,0.2477325421363833,0.2960338736403857
836,0.12332626828765358,0.9514621226366551
837,0.21024889689627857,0.18420345946491679
838,0.6952838750088414,0.7452003198692094
839,0.7644829853717837,0.3728783761331751
840,0.3545853724493796,0.7941450668117295
841,0.4859545801772721,0.7934446103321082
842,0.6032195740162395,0.1127993421661112
843,0.33386189757347906,0.8284523749956956
844,0.6488751572638234,0.17886937546217252
845,0.5677546500318755,0.9803107176510161
846,0.6148009493832455,0.6419545165307442
847,0.795420287556623,0.7318801037005065
848,0.10863997736930742,0.9107902750107276
849,0.4064220837280038,0.9679780997766702
850,0.06085390675761737,0.2846719252835228
851,0.8303387443154595,0.336871735790065
852,0.1465194919473931,0.06214302598936894
853,0.19392930002838382,0.8645840438139432
854,0.1999615051308229,0.4417036566826682
855,0.026791694841786784,0.8729938073967078
856,0.7074770805923122,0.004756105934523691
857,0.5395516918688548,0.6711804452848372
858,0.7511974643591637,0.35827509238838673
859,0.9143908980874939,0.5452516560520516
860,0.7400787068319437,0.09924943194252078
861,0.8714663926992661,0.09345482956465967
862,0.38400594854460035,0.8785718943697476
863,0.9142764345069928,0.7115238083315105
864,0.8735805697840175,0.6598799196462555
865,0.19641413918690775,0.304481159331226
866,0.051533440104582384,0.45426415575983026
867,0.37899798171453913,0.4430519387447006
868,0.5605959707654466,0.8891775321501806
869,0.04235178365902226,0.516118553918231
870,0.9527300070214586,0.013981387092998232
871,0.2180367327536945,0.6416884124150718
872,0.6210700180758415,0.6550310564745762
873,0.46954808612044463,0.6980887981524292
874,0.6744902657035831,0.6697955941045247
875,0.874522839973838,0.7660485702157181
876,0.6284586239614558,0.24386971863295892
877,0.3027850193289978,0.07110312157597276
878,0.6096603192069054,0.6578262635239266
879,0.6208519106346764,0.3096723314078581
880,0.1837307344572353,0.11725630606609705
881,0.4030153293116273,0.21987749076416652
882,0.7191803597353851,0.2151012267957607
883,0.18188405917820483,0.8742660624629475
884,0.30107936650510325,0.9945032174057613
885,0.5175146172695289,0.7714528451218221
886,0.3020800843743997,0.40601841921056203
887,0.9834278548743783,0.2916560507841165
888,0.6857895076518356,0.18010158358283224
889,0.0003221047564242463,0.5418978511579392
890,0.32152098696627585,0.8724687596497068
891,0.31427631111662135,0.7489066963804215
892,0.33669059288880754,0.2713788919123259
893,0.28647339927596893,0.7314346479103644
894,0.043585223873984336,0.7647033728502677
895,0.04463078642491991,0.06607742763999791
896,0.333855666033425,0.8170114362567058
897,0.6500660500381369,0.9090629815060378
898,0.676007683244079,0.8455174668704974
899,0.5688884937232145,0.6587834798420426
900,0.19191463804491682,0.9532596847917667
901,0.25156019033580934,0.9699003461044433
902,0.528369683485327,0.6856275724051926
903,0.020444930695412755,0.8866955629370574
904,0.8628638790958557,0.5575163364707489
905,0.950807340503767,0.19641693404222826
906,0.1477597680040308,0.9181820328038794
907,0.5170318290190654,0.10886797393873726
908,0.29644880191799405,0.8022028192285362
909,0.6578962418739943,0.9365478058425688
910,0.9569049740606692,0.21218970886158262
911,0.8887869819671869,0.7644250478517062
912,0.47644690790137456,0.9068287501185965
913,0.3151680431337909,0.9127258818083603
914,0.594714934584348,0.21383853625254678
915,0.5600433507482011,0.9828777393769567
916,0.015086940010970662,0.3492275232169918
917,0.37146820840798767,0.5983265897178658
918,0.70752927253443,0.28246758289668716
919,0.8273511288023653,0.617878576604233
920,0.5936575705141082,0.6892650207028489
921,0.46470111891759835,0.07797393965453492
922,0.9961964790608048,0.2996779382177578
923,0.5431420170233835,0.7527297837050057
924,0.9836578522087861,0.9089771080979818
925,0.7891118409515542,0.4042517184977218
926,0.4698140174651606,0.3489157729265103
927,0.3746341123841851,0.5176239157220434
928,0.4785069614500186,0.9803246954884616
929,0.3769993698524714,0.4043225948973107
930,0.4625758270378697,0.7883167710121065
931,0.9711414671558718,0.5083096207518575
932,0.09940422937969573,0.6243081257114169
933,0.4499416344739492,0.040764167867534784
934,0.5053411244892397,0.12338152863039031
935,0.6756848825519465,0.2613683069834217
936,0.3887091827626362,0.0426670855408503
937,0.4717336006748797,0.48282832327359815
938,0.8063887197860692,0.20679724730192417
939,0.3519450666806919,0.43345496128133076
940,0.35551863144517604,0.9433696733306532
941,0.7521347609044505,0.6774733844051662
942,0.2566413700363317,0.09148047113067215
943,0.6453194901031235,0.9390454751854317
944,0.6956491736672438,0.08776270672558706
945,0.1911853365567049,0.5114479303814816
946,0.6852496229116715,0.1831638208552745
947,0.03398549492673997,0.6617431551732306
948,0.2581260628103311,0.019055168097151243
949,0.8771778484807191,0.47088694730023894
950,0.4217313685612566,0.05755223228532036
951,0.7126982016559231,0.10508387096977823
952,0.6000226290723342,0.5725679422313406
953,0.15133748324418894,0.6542944496091431
954,0.251693136335536,0.13158020180194463
955,0.9515834622701244,0.8121707951345863
956,0.8723683776079668,0.9568405123894981
957,0.31788121186411467,0.5678793271887638
958,0.5292301058155999,0.15409035474832355
959,0.3385527627801581,0.9689665274549543
960,0.46139126001666,0.6954223514785253
961,0.6991928969946717,0.6610997044763097
962,0.44996049679609673,0.8548937759670048
963,0.9498819504178521,0.8071802624122333
964,0.2695387339615658,0.20328696126935564
965,0.3885491393801548,0.8502900461711899
966,0.8986491537811993,0.16696600872648126
967,0.36772023095328676,0.2516856067088947
968,0.9612168819711567,0.724708139156413
969,0.38189010177721716,0.4068689585583952
970,0.9931983150695072,0.48521661308552844
971,0.4139474061375109,0.2703165978012084
972,0.09281362469562848,0.9221036954216186
973,0.7688471669610668,0.8556603630429152
974,0.8620196672846755,0.04943858742902385
975,0.02610508928438382,0.0028365265962889685
976,0.19367995744964162,0.8991732724452922
977,0.1179720583425119,0.7506832907748897
978,0.4324745072395162,0.45992009342469886
979,0.39397331716101613,0.8179329939521452
980,0.5895719590045099,0.18146386062224096
981,0.21337381062288896,0.5320673151389216
982,0.7495327660394252,0.3470930837322923
983,0.6513402969804152,0.9148683587465675
984,0.5932017691947137,0.7354315787355247
985,0.10551987618338032,0.9896988828657781
986,0.29910237345908397,0.799537111774847
987,0.055777705172666114,0.822435901312652
988,0.4114811671085413,0.2509482387007542
989,0.9657331469185209,0.5053552653104719
990,0.05981908060673502,0.9362527278147478
991,0.17843283729682025,0.035721558825983935
992,0.6881808571141713,0.6480733483878435
993,0.3312927385918435,0.09943534999502668
994,0.7728497688166224,0.7592084056152203
995,0.9903386173711555,0.1113466359615779
996,0.13060972430519724,0.4182050976840098
997,0.33612670803493316,0.33999550980950133
998,0.20398457135146641,0.46186694050570787
999,0.09173032420751537,0.8466716204907216
